O,O3,NO,NO2,NO3,O1D,N2O5,OH,HO2,H2,CO,H2O2,HONO,HNO3,HO2NO2,SO2,SO3,HSO3,NA,SA,CL,CH4,CH3O2,CH3OOH,HCHO,CH3NO3,CH3O,CH3O2NO2,CH3OH,times
4.6060896534947896e-20,7.595515427886281e-10,3.392181089286505e-9,1.980619424414767e-9,4.318908920662373e-20,4.0791644127272374e-20,4.143259558522771e-20,4.2205885921845215e-20,4.2119188850145754e-20,4.999999026822669e-7,2.0176089912042123e-7,5.018644148650854e-10,4.143258826486461e-20,4.1432588283147286e-20,4.143259824268942e-20,9.999998838425157e-10,4.143258828314664e-20,4.201772585779078e-20,4.143258828314664e-20,4.143258828314664e-20,4.143249156514432e-20,2.1366845416847693e-6,4.2059563545944514e-20,4.143258828314655e-20,8.725532992262908e-9,4.1432588283147563e-20,4.09420638738886e-20,4.143283665444118e-20,1.1579816799201031e-10,-540.0
6.138949217330937e-20,1.1660834689521905e-10,3.733959023608001e-9,1.3837811419607275e-9,2.1358691110500207e-16,3.681604953887648e-35,1.3130654552989186e-16,2.6914654246601615e-20,1.7889029050469258e-19,5.002094252114966e-7,2.0983553744767358e-7,4.3824234030194146e-10,3.9563756039020787e-19,6.438227964409604e-19,7.92728477300712e-20,1.0004189289273586e-9,2.0081319701923952e-23,4.6920277056234525e-27,3.8228151985806366e-19,1.3385176970635223e-19,5.0086170996303695e-23,2.0191147810707264e-6,1.1736253194890355e-20,4.1449949078350446e-20,1.1509026813983084e-8,4.164709013098871e-20,9.555794160993023e-24,2.006702346578506e-21,1.3475288052748864e-10,-525.0
4.638178265521193e-20,1.9368226446613022e-10,3.254891682739123e-9,1.3759651798675425e-9,1.0153286432077963e-16,4.759653461489282e-36,1.4182291062631942e-16,1.7519161008404326e-20,1.2267604563671829e-19,5.004614472256177e-7,2.1031620728669217e-7,4.4667532925524187e-10,6.633267982612213e-19,1.0851072024588958e-18,7.998425507949673e-20,1.0009229729782246e-9,1.8262698240503996e-23,4.622463643109487e-27,2.4227255707683602e-18,1.4240689013822531e-19,9.573249150118782e-28,2.0192923201661277e-6,8.519208524097492e-21,4.147083163724101e-20,1.1446352310687058e-8,4.1791319956489994e-20,0.0,1.3680706347830728e-21,1.340764920549901e-10,-510.0
4.763538200795485e-20,1.7179345815690117e-10,3.354810859402466e-9,1.4419689900711495e-9,9.603410679431513e-17,1.0899195874130766e-36,1.2560079871444682e-16,1.4665271586925404e-20,1.101895547113955e-19,5.00638258291022e-7,2.1100490686190995e-7,4.5381089311141867e-10,8.257625836489857e-19,1.360189580550984e-18,6.76029258839069e-20,1.0012765951318378e-9,1.2346261941676839e-24,2.605153407281958e-28,3.855241631488501e-18,1.4747761085827162e-19,5.697078817358893e-33,2.0197478431375864e-6,7.084376848973791e-21,4.1485481828015555e-20,1.2202282961785663e-8,4.1868752724185277e-20,5.379532595876322e-25,1.1679119942138574e-21,1.3972313760818483e-10,-495.0
5.06500677830287e-20,1.9652543960532835e-10,3.4168358246629494e-9,1.5087062402776385e-9,1.1238575849141178e-16,0.0,1.3626298368901738e-16,1.625559290007104e-20,1.2157681154443994e-19,5.008584520421838e-7,2.1127309856636644e-7,4.421732589508317e-10,1.059073850787553e-18,1.8153742545756223e-18,6.805497967586259e-20,1.0017169826485615e-9,7.942462712443499e-25,1.4431872380452776e-28,5.797485875063121e-18,1.5445065443923334e-19,1.3825827416766905e-37,2.019959700712072e-6,7.736704053857394e-21,4.1503726906723274e-20,1.2377613999835786e-8,4.197521440879109e-20,4.530821496749821e-25,1.3042100953763339e-21,1.4262782235672368e-10,-480.0
4.909879226628037e-20,1.5153122027610813e-10,3.614003525338156e-9,1.4922142910865433e-9,7.966597929296129e-17,0.0,1.1356422230426667e-16,1.2396102199065036e-20,8.9110003262867e-20,5.009405673353882e-7,2.126555214981612e-7,4.339946903488976e-10,1.1973789258161883e-18,2.0159906980982794e-18,5.665262522584215e-20,1.0018812132603651e-9,6.581416599660466e-25,1.1976339677288973e-28,6.934129090114587e-18,1.5840163084053746e-19,2.426593218220397e-42,2.0201667286817393e-6,5.541589755912511e-21,4.1510530078583653e-20,1.2855683885476663e-8,4.2029607244083214e-20,4.202253669790647e-25,9.22118574966297e-22,1.4801143877690877e-10,-465.0
4.5127551512562686e-20,9.834435226189557e-12,3.685353909461317e-9,1.4708147418132939e-9,2.8975520943264776e-18,2.572530496587153e-39,3.35649970948967e-17,1.3923580158201828e-21,9.131156877741243e-21,5.010478987278394e-7,2.1309962788616118e-7,4.3371874862607595e-10,1.0072526693162308e-18,1.5168098068960835e-18,1.870730309346687e-20,1.002095876144538e-9,2.384705841845209e-25,3.614918135792956e-29,5.8675157223900534e-18,1.535160190219553e-19,7.538159296779906e-47,2.0206564009742236e-6,5.626169117261971e-22,4.1519422786158074e-20,1.3024538358835748e-8,4.1964342442045646e-20,6.159191157954182e-25,8.008424097234422e-23,1.4876486506559733e-10,-450.0
4.4594721648645625e-20,8.971524984575665e-12,3.774406701022942e-9,1.4466817079405382e-9,4.729560899592786e-18,4.175764493045281e-38,2.0657404052115443e-17,1.0567221030281286e-21,7.469118406634757e-21,5.012871524909233e-7,2.1359407439979667e-7,4.248928992349892e-10,1.014482187333846e-18,1.5183654873125429e-18,1.0528251613042019e-20,1.0025743837125845e-9,1.2764377401916246e-25,1.0160062665168433e-29,6.1176242336252396e-18,1.5426721603197957e-19,7.634433899201667e-52,2.021173722093027e-6,4.607877110485798e-22,4.1539247278515046e-20,1.3238694671268195e-8,4.198648085772539e-20,2.859530950937741e-26,7.326454116540721e-23,1.5351840487839363e-10,-435.0
4.739728403782541e-20,1.017040163776105e-11,3.88222797521453e-9,1.490918996890061e-9,5.261820085843818e-18,2.6378499419236378e-40,1.586272537538066e-17,9.951620541645384e-22,6.943650892211776e-21,5.013526470769067e-7,2.1458235641724579e-7,4.28444962955672e-10,1.051393551342086e-18,1.5820329282874924e-18,7.600850393277253e-21,1.0027053728788e-9,1.0098837363695588e-25,2.2288212390581456e-30,6.495201080664654e-18,1.557819802817456e-19,0.0,2.021966374454047e-6,4.281355788042224e-22,4.1544673101219243e-20,1.333705861762934e-8,4.2005162517778775e-20,4.223596700079016e-26,7.02234104688815e-23,1.5833606767016356e-10,-420.0
3.957853784103967e-20,1.1593640235070754e-11,3.904127170991908e-9,1.3062249506720847e-9,5.296738691233602e-18,9.691081276334775e-38,1.2635106084585229e-17,9.655758153321438e-22,6.718461574690939e-21,5.014952470608515e-7,2.1552134662281983e-7,4.357452821605671e-10,1.0950344095600249e-18,1.6581763331777735e-18,5.80789370793493e-21,1.0029905728445769e-9,1.1170571436798119e-25,9.08374278535065e-30,6.8859010972703044e-18,1.5741206429691732e-19,3.278319524102923e-73,2.0228292306556152e-6,4.108061087830138e-22,4.1556488350954135e-20,1.3588471851276306e-8,4.203266321582559e-20,2.457274290998445e-26,5.944152186830407e-23,1.6138308099518977e-10,-405.0
5.501289624397734e-20,1.2790188205740665e-11,5.176231983894619e-9,1.8246770015877228e-9,5.982296246063199e-18,0.0,1.1318778885808025e-17,6.883919696984978e-22,3.347624220312236e-21,5.015247431593783e-7,2.157275862369132e-7,4.3750400071058007e-10,1.1420873251809448e-18,1.734924755339462e-18,4.135002460872432e-21,1.0030495650120363e-9,0.0,0.0,7.267485525615797e-18,1.5910528521076213e-19,0.0,2.023674552622416e-6,1.7135769713345682e-22,4.15589313376217e-20,1.3861568527319653e-8,4.204896051527798e-20,5.842455391006715e-26,4.50702786673822e-23,1.6789608506269708e-10,-390.0
5.469600233160496e-20,1.4591974591680958e-11,5.015978938172826e-9,1.844766826706341e-9,7.009642867942895e-18,2.578768568338697e-37,1.1697402671970611e-17,8.3834286963343655e-22,4.890374581849761e-21,5.016197375976579e-7,2.1616953573031976e-7,4.4286104125582363e-10,1.2027894537688671e-18,1.8464925101016358e-18,3.9314104853611216e-21,1.0032395538464165e-9,1.084927089555579e-25,1.1516800730106166e-30,7.767530714242033e-18,1.6125700765016738e-19,1.6082528650896512e-93,2.024699082571224e-6,2.712867121549781e-22,4.156680190576892e-20,1.4002865257582233e-8,4.2077472763931425e-20,3.353032144821428e-26,5.36983003702703e-23,1.6825792700829137e-10,-375.0
4.8793529057343635e-20,1.771035266502653e-11,5.0346493973137765e-9,1.6205962053285035e-9,7.71863692118977e-18,6.337537230372296e-26,1.2301004356745613e-17,1.656319313350116e-16,9.375258089923273e-16,5.016654003409863e-7,2.170379460116396e-7,4.4836368340817975e-10,9.596866999700862e-16,2.9510288044364726e-16,1.1058597563013844e-16,1.0033308938082896e-9,2.2351556539652778e-20,5.411322789317063e-24,8.56205583554395e-18,1.7033983942806915e-17,0.0,2.0259163524369047e-6,4.9227438302998174e-17,4.15696043867369e-20,1.4094479315700528e-8,2.1395199452173244e-19,8.988290912491516e-21,8.071564241795437e-18,1.719107903804693e-10,-360.0
5.002782400493001e-20,1.9010537427742365e-11,5.1632355624455075e-9,1.6828752133274927e-9,8.149209518661445e-18,5.596470919580772e-26,1.2152020378018455e-17,1.9281445899316907e-16,1.0867326845498499e-15,5.017265223648371e-7,2.1720543470069861e-7,4.4483957045260876e-10,4.389598360015119e-15,1.4195835594373476e-15,3.775886605349214e-16,1.0034530458532789e-9,1.0770176993368814e-20,2.4238425788486837e-24,9.144697664597282e-18,7.795741277361213e-17,4.261554754394731e-110,2.0271906247592402e-6,6.111850947853084e-17,4.171320472468501e-20,1.4419348479536846e-8,1.0694510507645992e-18,4.709507709296053e-21,1.101672538430166e-17,1.7516656415530154e-10,-345.0
3.8747061814580335e-20,1.8389537684079263e-11,6.7309859710893474e-9,1.251894993843514e-9,3.495825084972244e-18,4.22672383614097e-26,6.384984539474616e-18,1.7356646254109433e-16,6.899324716823014e-16,5.017571828624423e-7,2.179435033462483e-7,4.4393505461481106e-10,9.443228924723989e-15,1.9182031393595957e-15,2.1046752887192496e-16,1.00351491718392e-9,3.1238869615021675e-20,8.067751972056177e-24,9.392685073988097e-18,1.2795588142801996e-16,0.0,2.029098726544354e-6,3.580371272739074e-17,4.2026849633211364e-20,1.4415118650887055e-8,1.8731425822552166e-18,7.765683656681937e-21,3.50212302294115e-18,1.7747987644186238e-10,-330.0
3.6351272089999523e-20,1.8280843353814328e-11,5.505544412064993e-9,1.159859486503674e-9,4.935682040439621e-18,3.018633474419573e-26,5.618484894713078e-18,1.631666717119617e-16,7.342627663553198e-16,5.015766507710442e-7,1.892372208760093e-7,4.3280107999231254e-10,1.248405460637861e-14,2.5718197349654965e-15,2.4479128590332255e-16,1.0031538683298662e-9,0.0,0.0,9.766605718011578e-18,1.798212620269887e-16,1.0079497742796343e-125,2.058468409603219e-6,4.817034029810781e-17,4.204357037576399e-20,1.070378485240796e-8,2.598908979599065e-18,1.3055922660004382e-20,6.047049830304404e-18,1.5860057143002308e-10,-315.0
5.050433323528193e-20,2.5653154362749874e-11,3.3320126158573067e-9,1.5982088774000958e-9,1.0752239916434742e-17,3.515018208533767e-26,1.0329004847256394e-17,1.8344465375149662e-16,9.97525573029483e-16,5.00943546812888e-7,1.693135365644079e-7,4.3021777070665816e-10,1.4484492978870964e-14,3.61755665320122e-15,3.8169491815661306e-16,1.001886780361798e-9,0.0,0.0,1.2030739120409636e-17,2.3628553580619756e-16,0.0,2.085318683203606e-6,7.495859403831324e-17,4.2091625224353984e-20,8.841251373243785e-9,3.385459193683726e-18,0.0,1.2244414412836357e-17,1.4598112264463988e-10,-300.0
6.716531976111693e-20,2.8110782583717088e-11,1.9640966898600665e-9,2.070820708454008e-9,2.76240345252897e-17,4.520306894391281e-26,2.3138968983980926e-17,1.947966552728337e-16,1.5622004805147688e-15,5.001772347310966e-7,1.6143961020306954e-7,4.290452234588411e-10,1.5459237097341116e-14,4.943231983436255e-15,7.108759128945034e-16,1.000353554443459e-9,0.0,0.0,1.3314467113595049e-17,2.9336632518841434e-16,2.966339542516824e-138,2.1061126774874604e-6,1.3355817938537047e-16,4.2204347765449783e-20,7.737189128277746e-9,4.1511150647953274e-18,1.112106922312595e-20,3.0838193512547836e-17,1.4753274700459708e-10,-285.0
7.231520508844036e-20,3.4031302669009204e-11,1.78239591515728e-9,2.28484333096191e-9,5.057172760749863e-17,4.7448871740966536e-26,5.5157963871743014e-17,1.7503629773513267e-16,1.6854704139818788e-15,4.987862205104346e-7,1.5622900451988707e-7,4.472276281544249e-10,1.6691135981873245e-14,6.43481541487821e-15,1.1080209331909785e-15,9.97571330761631e-10,0.0,0.0,1.5938580855918304e-17,3.5181542348297344e-16,0.0,2.1248345925666994e-6,1.6004664249413506e-16,4.2531576928274883e-20,6.959135337722756e-9,4.9536320026925064e-18,5.140631310194174e-21,4.85252220306262e-17,1.457321586839494e-10,-270.0
7.528324044598237e-20,5.4993993614741374e-11,1.7392034927072341e-9,2.2035406764516216e-9,8.379472983931817e-17,1.7655843657933004e-25,1.141158347561785e-16,2.1259599322722392e-16,1.8753327839305893e-15,4.977311771348345e-7,1.5187228651758817e-7,4.499461036784192e-10,1.8295205271090517e-14,8.129157082516674e-15,1.3742353865167244e-15,9.954611999392704e-10,3.701643239001607e-20,8.489657366752506e-24,2.203335702174743e-17,4.221206751614017e-16,2.206995282342042e-150,2.1383815884897975e-6,1.9055707350492857e-16,4.302003854423504e-20,6.06875702272929e-9,5.890977051271751e-18,7.27809976945793e-21,5.936164640277235e-17,1.4305131221317506e-10,-255.0
8.68780432721615e-20,8.09147255556893e-11,1.5622565926848854e-9,2.273447188790478e-9,1.317709375099949e-16,5.797615600760309e-25,1.9256851763024045e-16,3.0043588035874373e-16,2.529517961662562e-15,4.969702472839236e-7,1.4757091285573385e-7,4.5578784788770313e-10,1.9873331898318298e-14,1.0270476495105676e-14,1.7948901426191995e-15,9.939391272403334e-10,2.890576740499297e-20,7.668330376882186e-24,2.708352430191895e-17,5.064783182334874e-16,0.0,2.1463723169327678e-6,2.7785975421403267e-16,4.3790962162752447e-20,5.64014913028238e-9,6.963287294677121e-18,6.530399151903301e-21,9.323034395785888e-17,1.4637990550770323e-10,-240.0
7.660980680988146e-20,1.1322136043940482e-10,1.3752146641482563e-9,2.3392164091895475e-9,2.1305564092598579e-16,1.4323748277873473e-25,3.204196754115167e-16,2.4741534712417935e-16,2.563667946995667e-15,4.967813211281931e-7,1.4483818819713978e-7,4.5672139816742275e-10,2.1507702790592756e-14,1.2891131950827795e-14,2.3962707481414718e-15,9.93560981170814e-10,0.0,0.0,3.3001449458834724e-17,6.08720866749877e-16,1.1836165299312916e-164,2.148153298309049e-6,3.1566522211146306e-16,4.5549975214633157e-20,5.36886018185291e-9,8.382194649348282e-18,1.2401202090449906e-20,1.1538420521697804e-16,1.417451617770772e-10,-225.0
9.052004083037301e-20,2.731708710975768e-10,1.3003751043362213e-9,2.3705521251212135e-9,5.544129995398272e-16,7.5277194911448615e-25,7.728079203504614e-16,2.8461875309944215e-16,2.7425544606177013e-15,4.96683550586413e-7,1.4305878430844543e-7,4.649384760103315e-10,2.3409638611017856e-14,1.5789719642303706e-14,2.7625642398336124e-15,9.933652579245631e-10,8.483947825119163e-20,2.0197243191971937e-23,4.76356826854189e-17,7.227822834559219e-16,0.0,2.1490748050958903e-6,3.4029128594572863e-16,4.7702163240851044e-20,4.925635526326467e-9,1.0014365978917672e-17,7.985012239903147e-21,1.235211809293054e-16,1.3506722224275005e-10,-210.0
9.738596106852275e-20,3.646036801598963e-10,1.2067674907912404e-9,2.406102847333644e-9,8.229135806857701e-16,1.1310271289643291e-24,1.2321279010680963e-15,3.4591374926917973e-16,3.403266427099555e-15,4.967140992689073e-7,1.420248082139897e-7,4.697627149595427e-10,2.4901085630142246e-14,1.8712241587110007e-14,3.161504469610038e-15,9.934261051718071e-10,1.833321894705731e-20,4.577914956374052e-24,6.316506428607967e-17,8.318482348818749e-16,0.0,2.151615354838758e-6,4.3468808057029957e-16,4.998597086406309e-20,5.036842665509358e-9,1.1446232705209176e-17,9.792466401523647e-21,1.573607183157234e-16,1.34017151738645e-10,-195.0
9.508577619016194e-20,4.503276391804217e-10,1.1919756674126258e-9,2.4684301907065208e-9,1.0789731475116214e-15,7.648926500504487e-25,1.8289310260427307e-15,3.2506031074623263e-16,3.3835727985094865e-15,4.96621203667659e-7,1.4197229031710533e-7,4.666393902756687e-10,2.6517251580963353e-14,2.2074865907856312e-14,3.615892677589889e-15,9.932401489094379e-10,0.0,0.0,8.600258215313665e-17,9.540913812376291e-16,3.4190245856928704e-188,2.155034921485217e-6,4.644937760767473e-16,5.316489457984026e-20,4.572344112257336e-9,1.315082849862938e-17,1.1766455917325497e-20,1.7618516914688935e-16,1.2869536002225182e-10,-180.0
1.0052445725160879e-19,5.212736101352782e-10,1.2448622408271978e-9,2.459111505879997e-9,1.2168068945031333e-15,1.047950162883197e-24,2.372978187424971e-15,3.5283837525107537e-16,3.4440589345298136e-15,4.964605800875392e-7,1.4306380839078414e-7,4.761076607987532e-10,2.8199389762094648e-14,2.5436296891879785e-14,3.8404181249699654e-15,9.929189043256223e-10,2.3848446732008613e-20,5.266745673111892e-24,1.1670076139109028e-16,1.0760841810006832e-15,0.0,2.157365340343127e-6,4.617808003641528e-16,5.627973476006106e-20,4.7077481465264476e-9,1.4892907683318844e-17,1.1753985211714066e-20,1.7413841174709554e-16,1.3087021306024576e-10,-165.0
1.1817868725995963e-19,7.682683478691564e-10,1.246205331279489e-9,2.5059121200016933e-9,1.8088706019432555e-15,2.1626549469919986e-24,3.5440651963430547e-15,4.833087006550286e-16,4.346105703034071e-15,4.963930765134027e-7,1.4387036465366737e-7,4.82604436272782e-10,3.061227846486819e-14,3.0329694976361846e-14,4.419353911842182e-15,9.927837253660697e-10,9.155343439758208e-20,2.1524590248542973e-23,1.689311337262996e-16,1.2503100182209918e-15,1.5498169794541602e-203,2.157181752021604e-6,5.96177180114491e-16,6.128795219526514e-20,4.853597025897633e-9,1.721538780641686e-17,1.2533085162825752e-20,2.24977554057614e-16,1.252450755717364e-10,-150.0
1.2045810089793231e-19,1.1049272737920148e-9,1.2833615212614516e-9,2.5798160586538017e-9,2.598122612376033e-15,1.7987970193775888e-24,4.8314068712366214e-15,4.968318042224175e-16,4.6577027424814545e-15,4.96312463400971e-7,1.4776775154844653e-7,4.839654709465199e-10,3.329511472665787e-14,3.576027677013463e-14,5.087512892329749e-15,9.926223897529852e-10,0.0,0.0,2.289383815188401e-16,1.4430591507910245e-15,3.4633531889911085e-208,2.1544701708614663e-6,6.681162762785991e-16,6.775632983932645e-20,4.544640945555855e-9,1.988971132662235e-17,1.954518555730368e-20,2.6582953658884855e-16,1.2541245189471682e-10,-135.0
1.486037559026739e-19,1.4683815598157273e-9,1.3168249675880098e-9,2.6980270349787263e-9,3.4894443937795254e-15,3.342178851154617e-24,6.549494413255625e-15,6.094307977773886e-16,5.070505355827027e-15,4.962192426948652e-7,1.5357737671123976e-7,4.851052210652966e-10,3.596904483520137e-14,4.131597167434542e-14,5.575316916697981e-15,9.924358184612163e-10,1.0922342339362816e-19,2.5608727506872092e-23,3.04082338835339e-16,1.6257560781299409e-15,3.2222580714438065e-212,2.1495274684508896e-6,7.159255748498399e-16,7.346084468622851e-20,4.6055144940026e-9,2.2405726503266498e-17,1.699630997639331e-20,2.9503691191059845e-16,1.2752159820191336e-10,-120.0
1.5749258599879373e-19,1.340555162960675e-9,1.4149685558206275e-9,2.7793504052228077e-9,3.08453560510374e-15,3.945096736392735e-24,7.490662496420017e-15,6.850270772251966e-16,5.2147781735331126e-15,4.96167189932552e-7,1.6361536816081766e-7,4.874568163713345e-10,3.9283013669107684e-14,4.792506787609504e-14,6.097472650280742e-15,9.923318117825825e-10,4.5853089566549496e-20,7.826843527415384e-24,3.926871755865099e-16,1.8362834154965703e-15,3.03796198007015e-216,2.144722629702276e-6,7.455632969902449e-16,8.032586214085908e-20,4.31579588796115e-9,2.533890986260756e-17,2.065376937074922e-20,3.1757541400889065e-16,1.2590601877488338e-10,-105.0
1.31447956991699e-19,1.2164970494129253e-9,1.5598397088740161e-9,2.8424046666353775e-9,2.6128359606849273e-15,1.951332332462916e-24,7.67731194864644e-15,5.189971633903931e-16,4.1545324638626705e-15,4.961120933855098e-7,1.7526071144689705e-7,4.90403460173234e-10,4.276650860707636e-14,5.436496995671021e-14,6.24715609137042e-15,9.922219059666218e-10,6.903853395823734e-20,1.630655531154463e-23,4.871485367916984e-16,2.0353960536138545e-15,1.6371214906407958e-220,2.141878674125447e-6,5.918941940908283e-16,8.53616600736677e-20,4.0809452608554256e-9,2.8304138706362254e-17,2.4688246566463045e-20,2.656220170304604e-16,1.2236728586894736e-10,-90.0
1.2595645763477922e-19,7.796005994463007e-10,1.6209302079862119e-9,2.9299484871762964e-9,1.7235369772570383e-15,1.6650111049628707e-24,6.954457125525037e-15,4.1201141180060495e-16,3.24047390039213e-15,4.961052153845885e-7,1.8424099894272608e-7,4.974720031455228e-10,4.5282992691101565e-14,5.89304075867589e-14,5.674010139600468e-15,9.922081289523623e-10,0.0,0.0,5.766329426561071e-16,2.1739372092739092e-15,0.0,2.1440303860191616e-6,4.171433636438171e-16,8.798317318745112e-20,4.094293811345858e-9,3.072215171220019e-17,2.0031451676242148e-20,1.8966205427448244e-16,1.180350107697555e-10,-75.0
1.1238672196718682e-19,6.371631814132249e-10,1.7928135751579206e-9,3.08203598130791e-9,1.3390483556707298e-15,5.842553238274628e-25,6.116898369279054e-15,2.8036079120609884e-16,2.321694622934352e-15,4.961339052868607e-7,1.9355430883247022e-7,4.998077301474755e-10,4.75154386743537e-14,6.28436390040697e-14,4.962187129773545e-15,9.922657063684176e-10,5.906755041033713e-20,1.4445707780259974e-23,6.586371213780712e-16,2.2841667531126877e-15,3.1114561815351994e-238,2.148297651491821e-6,2.822915773213186e-16,8.925452180958172e-20,4.164447416952135e-9,3.241384570530024e-17,1.2858087980896178e-20,1.3814560240806158e-16,1.1601254214614879e-10,-60.0
1.274517307272858e-19,8.223143051329926e-10,2.0162854045669734e-9,3.2200811008861663e-9,1.605904616267852e-15,1.2487396165692029e-24,5.94652392467628e-15,2.8501349613308044e-16,1.949781503941938e-15,4.959088218414469e-7,2.0611006786507558e-7,4.953679766301856e-10,4.957725190724477e-14,6.619289332902122e-14,4.183713937868551e-15,9.918157541298755e-10,3.0474442875437217e-20,8.200485319967127e-24,7.377984112741847e-16,2.3755075468059155e-15,0.0,2.151796357851406e-6,2.288716338464314e-16,8.994220955918521e-20,4.0602789680522524e-9,3.375508441582147e-17,1.3459676691947252e-20,1.1422186693629424e-16,1.1814457854521145e-10,-45.0
1.3298506139874766e-19,9.469333474989417e-10,2.006932009975979e-9,3.2642287988429423e-9,1.8478659077238276e-15,1.421607979849837e-24,6.1490349867202425e-15,2.902452570668079e-16,1.959718841059632e-15,4.959091136117e-7,2.0593918847754132e-7,5.009936927151854e-10,5.171770996692251e-14,6.972576331278077e-14,3.742741253245966e-15,9.918162300328647e-10,1.3065235053403355e-20,2.7038484275217206e-24,8.176613408368188e-16,2.4720301111068685e-15,0.0,2.149415571564101e-6,2.3607454494799373e-16,9.08090187381698e-20,4.037541782148986e-9,3.511071660756378e-17,1.0169678993544419e-20,1.1819901587624562e-16,1.192804464593198e-10,-30.0
1.2995059522111413e-19,9.826251186803439e-10,2.605020759538691e-9,3.1601818352011266e-9,1.3336660864261475e-15,1.4050482985943602e-24,5.272294533419446e-15,2.747543778851392e-16,1.3588489405056198e-15,4.957524764416885e-7,2.0270383512585183e-7,5.066183676097771e-10,5.5106036706470195e-14,7.316029268736412e-14,2.8977592733928538e-15,9.915042647382854e-10,0.0,0.0,8.836984350999405e-16,2.5674850913752918e-15,2.5848022870485297e-266,2.132690723383471e-6,1.5580041977408492e-16,9.071133883804971e-20,4.242241565726008e-9,3.654053287455529e-17,2.15250799941943e-20,7.517203101147507e-17,1.1524624864288448e-10,-15.0
1.2944690811205535e-19,1.0015103359968167e-9,3.0320916800687938e-9,3.286240465580054e-9,1.2925434131963274e-15,1.1250900799443633e-24,4.860876292172946e-15,2.1176867969453968e-16,9.58531523380167e-16,4.957441587803869e-7,2.000485910043718e-7,5.066057375726285e-10,5.810666699833266e-14,7.601508472117448e-14,2.278518654502381e-15,9.914882112615532e-10,0.0,0.0,9.449748100124839e-16,2.643810467873022e-15,7.61984886497125e-270,2.11854580432544e-6,1.1078342741941397e-16,9.062196951324666e-20,4.092716090107807e-9,3.784872172621014e-17,7.40120818162896e-21,5.773230975608594e-17,1.1282046089218691e-10,0.0
1.4791542142315556e-19,1.3522847507122516e-9,3.0257419196339968e-9,3.4132081536226684e-9,1.8122888330277013e-15,1.7066537271931917e-24,5.5019642738580315e-15,2.5184163371967354e-16,1.115920116531101e-15,4.956732699361277e-7,1.9816312696465843e-7,5.118821254469599e-10,6.08215350102976e-14,7.911354528453621e-14,2.0729390028090093e-15,9.91346329667925e-10,2.8011159493587305e-20,6.4553122457774536e-24,1.0169827296614226e-15,2.7249815812254537e-15,1.770705883381274e-273,2.107258833462418e-6,1.3156756510975804e-16,9.088293517485047e-20,4.23715900692422e-9,3.894986821918019e-17,9.982525945202848e-21,6.80401903631903e-17,1.0951726078430296e-10,15.0
1.3289668825786628e-19,9.810726780037662e-10,2.986179400755781e-9,3.331250855452655e-9,1.3175257100674162e-15,1.1530215689664156e-24,5.203649660658444e-15,2.0472570203656129e-16,9.568784533124802e-16,4.957570539952145e-7,1.9626353695405363e-7,5.118402612327445e-10,6.312390112154567e-14,8.171201995680738e-14,1.8652157505904375e-15,9.915138468356501e-10,1.945883383367527e-20,4.522806798712284e-24,1.0871278488831725e-15,2.7943848034125355e-15,2.464422336050787e-277,2.101114347712645e-6,1.1060165378361434e-16,9.109746949978906e-20,4.1284237015341546e-9,3.9938912312627163e-17,5.2487544505950436e-21,5.637069109534605e-17,1.0923811099075568e-10,30.0
1.6788359387914444e-19,1.0223297006723548e-9,2.9075903767394607e-9,3.3180193874688534e-9,1.4103180991864215e-15,3.4122551849775326e-24,5.162377742879464e-15,4.213824553268874e-16,1.7754500608237194e-15,4.959155193752091e-7,1.9530720076181288e-7,5.313318153578496e-10,6.62506108216911e-14,8.536785304123394e-14,1.9654001298356987e-15,9.918306652657231e-10,1.3688796109231896e-20,5.09837035226526e-24,1.1576281961104517e-15,2.891282289674974e-15,5.805051238452805e-281,2.090826987130377e-6,2.0892468993969215e-16,9.139948067754663e-20,4.6112659350656795e-9,4.112405907539797e-17,1.1191370683676309e-20,1.0182476715944696e-16,1.1333228373435309e-10,45.0
1.5603640420013263e-19,1.1401518359225833e-9,2.767854716897019e-9,3.3704421469173643e-9,1.6534387639993232e-15,2.453787085540157e-24,5.4545273902154564e-15,3.6107228922140114e-16,1.7067350690273172e-15,4.959641493735499e-7,1.927426496909919e-7,5.389344897772759e-10,7.051709886009001e-14,9.060029959614339e-14,2.4366843522122827e-15,9.919277030938782e-10,0.0,0.0,1.2304428196247949e-15,3.0311254563795174e-15,8.29464258260039e-285,2.0844495452906915e-6,2.138811973094618e-16,9.229132657134399e-20,4.448133195474629e-9,4.3078354501728966e-17,1.0636834115779405e-20,1.1251492408657232e-16,1.1836295378080386e-10,60.0
1.5262798444212066e-19,1.2590099914244047e-9,2.655758159047548e-9,3.3733900097168043e-9,1.9065065679203774e-15,2.1306525952433694e-24,5.955768474910348e-15,3.3121910815178257e-16,1.6674958232040005e-15,4.960135934643535e-7,1.9158980766726423e-7,5.313743781536082e-10,7.398115310499629e-14,9.504793919827684e-14,2.612124872540569e-15,9.920264259145255e-10,3.658428828979617e-21,0.0,1.3084181176032806e-15,3.1491539578102065e-15,1.3195371909999217e-288,2.077689045811691e-6,2.0213409195410936e-16,9.297307003679519e-20,4.621529888716916e-9,4.4698542503099726e-17,1.3231563458836441e-20,1.0571012062576898e-16,1.1917890037587905e-10,75.0
1.675197751167459e-19,1.5331950214753246e-9,2.557902945434254e-9,3.3953445280044773e-9,2.411043569444944e-15,2.9973735358891347e-24,6.898840131046241e-15,4.053670525830038e-16,1.9953575047618707e-15,4.96042814092429e-7,1.8898666929712258e-7,5.406239105799993e-10,7.754356954562698e-14,9.98074044154554e-14,2.809347035885302e-15,9.920846973195698e-10,4.279034803857767e-20,1.0119288193104252e-23,1.3966856902438164e-15,3.273985605221752e-15,2.3152703827826566e-292,2.069829889446026e-6,2.4180227175786036e-16,9.371827749430915e-20,4.783544414392325e-9,4.6358869501775355e-17,1.0587967344760817e-20,1.2396307689288694e-16,1.128722292180986e-10,90.0
1.8001961473711123e-19,1.8039933879435147e-9,2.481649391727058e-9,3.4367439783761483e-9,2.954376278422295e-15,3.5475014727951505e-24,8.231745693912289e-15,4.625706920749208e-16,2.2863822476069477e-15,4.960348026833672e-7,1.8900552588828535e-7,5.553620194870766e-10,8.169664773965208e-14,1.0560191496616949e-13,3.172080291759317e-15,9.920684823165043e-10,1.862743111008428e-20,3.852538916613719e-24,1.5005355039177818e-15,3.4246439040252547e-15,2.5328763410058705e-296,2.064708249031515e-6,2.8727531735130856e-16,9.483655827405515e-20,4.539387187382973e-9,4.8334426098919115e-17,1.466194171985323e-20,1.5022528877062047e-16,1.1444303233095571e-10,105.0
1.9294282740260663e-19,1.820275477543939e-9,2.2862150876729236e-9,3.445156024273072e-9,3.234675166298957e-15,4.6055370344865565e-24,9.489102552358085e-15,5.651241921804824e-16,2.9285187302888556e-15,4.958801679985223e-7,1.8709708287728847e-7,5.337965985337853e-10,8.582785447860371e-14,1.1190555482867347e-13,3.703743239492236e-15,9.917588893667561e-10,2.9250904240445143e-21,1.0515250721211204e-24,1.617665357561695e-15,3.5871900692189226e-15,2.4992156010894577e-300,2.059637922810548e-6,3.6562411155214907e-16,9.617807820906558e-20,4.826741137647012e-9,5.0412347573637643e-17,1.921968102543894e-20,1.917469605401711e-16,1.1513402828743719e-10,120.0
2.202041653918239e-19,2.419658597031842e-9,2.2512465859614763e-9,3.5633468515843796e-9,4.484716346141294e-15,5.717969897039485e-24,1.2016648927659067e-14,6.916775859583324e-16,3.645252610273685e-15,4.95980982555511e-7,1.8576173405171902e-7,5.342459749049747e-10,9.150323537123487e-14,1.2090864542124013e-13,4.686595944329459e-15,9.919602454037887e-10,0.0,0.0,1.7650374089246156e-15,3.8147007601239735e-15,2.987184766115528e-304,2.0547010707189004e-6,4.708652651233946e-16,9.902803301890599e-20,4.796030901886665e-9,5.339929664765208e-17,2.1402650092051515e-20,2.543445614620987e-16,1.1639006919274838e-10,135.0
2.3484023744482657e-19,2.4889104471396715e-9,2.188751117539687e-9,3.954642154720986e-9,5.268920136170959e-15,5.704677540882796e-24,1.5298270467466383e-14,6.687449057473234e-16,3.8046520578731604e-15,4.959214033857675e-7,1.8629948225023457e-7,5.315277396216945e-10,9.674304378923133e-14,1.3065017851856748e-13,5.726212485061615e-15,9.918405309604816e-10,2.894122981368042e-20,5.946217789827114e-24,1.9484805367364295e-15,4.032753160304661e-15,2.9587659015761145e-308,2.050085053453663e-6,4.729671881573401e-16,1.0223128553126694e-19,5.163027719707297e-9,5.634813789958704e-17,1.9854454537309976e-20,2.849512230713792e-16,1.1026686800769111e-10,150.0
2.3763567846454906e-19,2.4432916366188815e-9,1.4535227160611215e-9,3.760598048128839e-9,6.7041227076374966e-15,6.620462446913209e-24,1.9351468077569288e-14,7.82756817166658e-16,5.47017250043794e-15,4.956928658640433e-7,1.8319884427013378e-7,5.244196593485758e-10,1.0015608460807323e-13,1.4034947456642107e-13,7.219097221824026e-15,9.913818526881692e-10,0.0,0.0,2.178387782286184e-15,4.26285425702151e-15,6.0224576173e-313,2.0482345284378356e-6,6.959737193282452e-16,1.0705171355749762e-19,4.974744029067112e-9,5.912429181095099e-17,4.1481227456438606e-20,4.030408398204759e-16,1.0923586927972295e-10,165.0
2.1614194023560475e-19,2.3828858412383364e-9,1.4362567993102722e-9,3.6592437721598516e-9,7.138060766013908e-15,5.276055383316954e-24,2.225556829066623e-14,7.299493505171397e-16,6.1859600012298815e-15,4.958292048594627e-7,1.8346632358895018e-7,5.24818916149138e-10,1.0410698589361294e-13,1.5047057621585184e-13,8.751569166684593e-15,9.916543619863402e-10,4.285787705145001e-20,9.22382971716901e-24,2.4406001096775415e-15,4.509105489173762e-15,6.7726375e-317,2.0456027184216114e-6,7.934993906142012e-16,1.1524824549590806e-19,5.1653756925518954e-9,6.231399635797448e-17,2.5040013864057935e-20,4.4349611734764485e-16,1.1012449290734315e-10,180.0
2.109380416813856e-19,2.95037615479251e-9,1.4714200177982106e-9,3.6002341379224936e-9,8.560055560715186e-15,4.435442079793944e-24,2.5588946964275085e-14,6.921389635612073e-16,5.990687691893572e-15,4.957499995774557e-7,1.7975244770103643e-7,5.166774431091255e-10,1.084605528673833e-13,1.6080001272657914e-13,9.624231104533336e-15,9.914962441994255e-10,0.0,0.0,2.7443260942339408e-15,4.768043456868024e-15,3.46e-322,2.0450578272246506e-6,7.675240185620905e-16,1.2496114185599937e-19,5.157024965243565e-9,6.591140205395677e-17,2.3900766003078842e-20,4.2675580926475873e-16,1.1029219968875307e-10,195.0
2.537064517132123e-19,3.6361917967693694e-9,1.4388450179573176e-9,3.3901479150178603e-9,1.0184980071258552e-14,7.6194445993246e-24,2.9426074710108505e-14,9.51822265411412e-16,7.341715432785842e-15,4.957499003056108e-7,1.7513190532847062e-7,5.13123811929184e-10,1.1289716352994862e-13,1.7147219364045926e-13,1.0162682436088639e-14,9.914959545265464e-10,2.087397072332718e-19,5.0150082247167655e-23,3.0958595426101083e-15,5.043183885041432e-15,0.0,2.043232622141678e-6,9.48176731519428e-16,1.3457927100383017e-19,4.926415122833326e-9,6.942138686814976e-17,2.136992139618562e-20,4.896141276492103e-16,1.1267127411657586e-10,210.0
2.86430662287948e-19,4.246286052276835e-9,1.0024748104413954e-9,3.352532472389841e-9,1.47481442185415e-14,9.553125501867463e-24,4.032712376690707e-14,1.2059022901356893e-15,1.1558980593181166e-14,4.958398448056432e-7,1.7105849173515475e-7,5.197938519714676e-10,1.145983071811597e-13,1.8465321313807767e-13,1.4044895146658956e-14,9.91669560873787e-10,0.0,0.0,3.6599545559188784e-15,5.399865295746198e-15,0.0,2.0416738009634463e-6,1.5357191972831143e-15,1.6313297645012468e-19,5.14226436572167e-9,7.35158429185153e-17,3.411691243919492e-20,7.816545548771804e-16,1.1638613900266582e-10,225.0
2.9614374859849715e-19,4.505018994287792e-9,5.895416629689199e-10,2.7447671968152373e-9,2.1284931462854977e-14,1.1450106051269393e-23,5.10709696317688e-14,1.4328085721566514e-15,1.9728273914513526e-14,4.958778425432795e-7,1.690760401050592e-7,5.108469421314007e-10,1.146431231413086e-13,1.9698371572356918e-13,1.916310134072116e-14,9.917374880177087e-10,0.0,0.0,4.357177580001543e-15,5.8127360443478e-15,0.0,2.041156377577077e-6,2.648151680107665e-15,2.1481402087985411e-19,5.21145187785562e-9,7.772093949066298e-17,6.993838083263944e-20,1.1598746647407083e-15,1.140318959025806e-10,240.0
3.3135240430882916e-19,4.735525544194487e-9,5.188056851858364e-10,2.5995803804933862e-9,2.6792254434665877e-14,1.4392053133612192e-23,5.816981815174532e-14,1.6960594500732973e-15,2.8871828083311625e-14,4.96079996361746e-7,1.6792434784569517e-7,5.08720776515565e-10,1.175012502618058e-13,2.114141380092105e-13,2.4439638855263354e-14,9.921399325777849e-10,0.0,0.0,5.0397113702562415e-15,6.309325442164601e-15,0.0,2.042711350810046e-6,3.910742809836212e-15,3.4149935675906513e-19,5.2870535527407994e-9,8.281374136114136e-17,5.403545262632054e-20,1.5134533460866492e-15,1.1707899632332354e-10,255.0
3.834303634751594e-19,5.617589419760283e-9,3.7818976076651413e-10,2.778158291478633e-9,3.947402788894806e-14,1.7246632806314587e-23,7.580535408526937e-14,1.8349530643851423e-15,3.8849033860162196e-14,4.959745276255462e-7,1.6966330843474425e-7,5.058143852857106e-10,1.1984114103045557e-13,2.2932337375808843e-13,3.410848462944915e-14,9.919225382833384e-10,0.0,0.0,5.914373693387661e-15,6.888256534762523e-15,0.0,2.0443608171117943e-6,5.4534584001476475e-15,6.526749104670194e-19,5.127776482892143e-9,8.846168674688288e-17,3.5637715410192955e-20,2.2864150790578314e-15,1.218544779267749e-10,270.0
3.1169089488329013e-19,5.2605757139417755e-9,3.3794311937627957e-10,2.930136073589198e-9,4.7313940399387e-14,1.1457166769807592e-23,9.826289376192325e-14,1.4758526279103288e-15,4.2696432387352334e-14,4.963261261764559e-7,1.6839693827414138e-7,5.136189752175199e-10,1.2184777166594793e-13,2.4661146189534666e-13,4.4770361173153517e-14,9.9262267565107e-10,1.5375599789171864e-19,3.642499444722647e-23,7.010999416135706e-15,7.407323604511948e-15,0.0,2.0432248956083924e-6,6.193940481616723e-15,1.1023231703464454e-18,5.420845394908081e-9,9.430706988446069e-17,3.74200139410384e-20,2.74277929717058e-15,1.250489903798423e-10,285.0
3.8124793991114555e-19,5.7824276866649344e-9,3.6682032731718837e-10,2.931977923667703e-9,4.972029767143498e-14,1.6528276516928795e-23,1.1710188768528993e-13,1.925453566040706e-15,4.767058621796342e-14,4.962052063101177e-7,1.6728509974408048e-7,5.228950325125764e-10,1.2418396853495768e-13,2.657405010921872e-13,5.277415763329218e-14,9.923841406998714e-10,3.339695734438786e-19,7.340993229446904e-23,8.332379198941325e-15,7.984213841890527e-15,0.0,2.0422833884326142e-6,6.8296978805958765e-15,1.6285173371490644e-18,5.2401648115231476e-9,1.0118154477142428e-16,5.0142222648640786e-20,3.059580105256322e-15,1.281893642270076e-10,300.0
3.8708149966980405e-19,5.79198738350496e-9,3.5461448443417145e-10,2.9522691369781666e-9,5.2917746069705964e-14,1.6853190300943934e-23,1.3256069814732865e-13,2.024819580438113e-15,5.467972540691026e-14,4.964851841860203e-7,1.7322039798397295e-7,5.303791416978251e-10,1.2682470108515287e-13,2.874074611340583e-13,6.160031030018483e-14,9.929433993503517e-10,7.770174772141873e-20,1.5619915568641726e-23,9.889304798136851e-15,8.636182827569025e-15,0.0,2.039370999549762e-6,7.674214148557322e-15,2.3160659260103834e-18,5.419509528287414e-9,1.0878347313762268e-16,5.527747908829714e-20,3.404908472507864e-15,1.287168496957593e-10,315.0
3.159869681677305e-19,4.981857859805591e-9,3.454256552589857e-10,3.557286580770321e-9,5.617308915670947e-14,1.0504467261769423e-23,1.5708447148285452e-13,1.5343206365385254e-15,5.0349823655822696e-14,4.969836568331343e-7,1.8042154750216075e-7,5.334389814117176e-10,1.2905804500327952e-13,3.101410017666131e-13,7.30888628697088e-14,9.939389238364533e-10,4.058951212594897e-19,9.347159595085096e-23,1.1700568048359947e-14,9.183971213694018e-15,0.0,2.0346521207440915e-6,7.252841712049535e-15,3.017727888045595e-18,5.314923586587473e-9,1.1616323059249066e-16,3.9240775064452395e-20,3.867838843844495e-15,1.276270174366118e-10,330.0
3.326771410400447e-19,5.46541387613705e-9,2.0922925980626442e-10,3.90714520720199e-9,8.28249428879993e-14,1.0541093501332588e-23,2.29492031844406e-13,1.185017373430539e-15,5.495034278564188e-14,4.968916713146259e-7,1.7920195831285471e-7,5.211548418160413e-10,1.2702010013737025e-13,3.2033701314686076e-13,8.669464647494755e-14,9.937104225166278e-10,9.760141770388492e-21,0.0,1.4822244586196114e-14,9.35545762179448e-15,0.0,2.032439582560329e-6,8.072837982722715e-15,3.966980046890694e-18,5.409158011301267e-9,1.1712500515757075e-16,3.808937787994322e-20,4.626828102083727e-15,1.3056642486413328e-10,345.0
3.594591201342342e-19,4.560898042940237e-9,3.3177907345602146e-10,3.5702509569538936e-9,4.401916202796501e-14,1.470135338895484e-23,1.8894187049148072e-13,1.7851531358621824e-15,5.379344264969676e-14,4.969787711412421e-7,1.7799693434327596e-7,5.273066180601848e-10,1.3212476562916233e-13,3.511086019205648e-13,8.218650154152965e-14,9.939483263194932e-10,1.1271381266166772e-19,3.0390529218075762e-24,1.626331106305245e-14,1.0140465110893001e-14,0.0,2.031335580188396e-6,7.233165335574398e-15,4.2601723608291924e-18,5.446336686623201e-9,1.2929313585674288e-16,5.483130905837929e-20,3.718588371311836e-15,1.3834818208494102e-10,360.0
3.3729915490269304e-19,4.5203337175273515e-9,3.7929281329402267e-10,3.3273992220712124e-9,4.873278458734872e-14,1.3432501856091224e-23,1.7649610980460671e-13,1.9823441044444043e-15,5.839065342690872e-14,4.972350110044981e-7,1.7453818088185973e-7,5.282544801226403e-10,1.3513335082745162e-13,3.763984493269984e-13,8.3657650072358e-14,9.944724620517925e-10,2.1890929887373063e-19,4.5372305792707984e-23,1.8297363986698098e-14,1.0810421819132742e-14,0.0,2.0316963832967585e-6,7.671358641531706e-15,4.9608258686372345e-18,5.34373188702906e-9,1.3791454460570992e-16,6.133235799778697e-20,3.692314647927276e-15,1.36908948681735e-10,375.0
1.933065681171445e-19,4.860629771391887e-9,4.3287294302490493e-10,3.207141381478969e-9,4.54487284188213e-14,0.0,1.6593809750595464e-13,1.4427811058963199e-15,5.274811645185951e-14,4.974348015712491e-7,1.713994311836673e-7,5.348666170508654e-10,1.3823332015090244e-13,3.9945332189911524e-13,8.28832831491292e-14,9.9488113750819e-10,0.0,0.0,2.035638831304403e-14,1.1452853894857749e-14,0.0,2.0312423948270836e-6,7.116358686863729e-15,5.7236900389514155e-18,5.23641069947075e-9,1.4753028582426274e-16,6.166264184951743e-20,3.2904266215877414e-15,1.3386553139622767e-10,390.0
1.9530321303722785e-19,5.046999626177083e-9,5.526679634237084e-10,3.1558724072133464e-9,3.591214356187128e-14,2.1832038021965444e-38,1.47783239476263e-13,1.4741914026828118e-15,4.1983909798234067e-14,4.975914401666363e-7,1.713668600523325e-7,5.394063545426676e-10,1.4147741435783323e-13,4.18632237886197e-13,7.409703379135515e-14,9.95210750280028e-10,0.0,0.0,2.2236709503156704e-14,1.1993932061374152e-14,0.0,2.0301101220851064e-6,5.357805132952132e-15,6.16518823991179e-18,5.347538711991334e-9,1.5749213828047125e-16,5.994614895897876e-20,2.408574921880123e-15,1.3666359251158526e-10,405.0
2.213925083301197e-19,5.822177571500331e-9,4.657594386079152e-10,3.162022714211871e-9,4.710869113201124e-14,4.619523240240543e-35,1.4478999430559878e-13,1.1067304022366118e-15,3.752154675338708e-14,4.9790978501966e-7,1.7155542085197154e-7,5.381742360640443e-10,1.4352884501388905e-13,4.3247822880432e-13,6.477294885524391e-14,9.958407543717182e-10,2.230291864283415e-19,4.6582355073823495e-23,2.4067419716095523e-14,1.2385941333442349e-14,0.0,2.0280921812333203e-6,4.51973931277519e-15,6.529352825394457e-18,5.223370264204395e-9,1.6413505852530366e-16,3.818625021755849e-20,1.985730741015587e-15,1.3762048972113844e-10,420.0
2.1190179449126714e-19,5.752234908668686e-9,4.446164444034845e-10,3.15015841062152e-9,4.9692422272377957e-14,0.0,1.455178756732709e-13,9.284686689353438e-16,3.408943642697011e-14,4.982449371702584e-7,1.7539346733867314e-7,5.37799335297797e-10,1.4519017483525675e-13,4.4391766255837864e-13,5.6721714413906385e-14,9.965102481134657e-10,8.706145088431457e-20,1.7906060699174658e-23,2.5864729169875794e-14,1.2711236063597045e-14,0.0,2.025828668521651e-6,3.911304753801291e-15,6.7950616854576425e-18,5.601454415115248e-9,1.6949885406014133e-16,3.3530328506352953e-20,1.671314425954918e-15,1.3849576680651962e-10,435.0
2.1418988178167785e-19,5.841224665966836e-9,4.992697801854655e-10,3.2113441228635383e-9,4.6115986801884885e-14,1.1926186890433775e-35,1.433788295770948e-13,8.921801260702111e-16,2.9387703047825025e-14,4.984805670733152e-7,1.8334561419243877e-7,5.394395310491445e-10,1.4695063872194694e-13,4.551416133829391e-13,4.9679979183254667e-14,9.969889266349654e-10,0.0,0.0,2.763532251450362e-14,1.3024130077901806e-14,0.0,2.0231527605305837e-6,3.319836657650835e-15,6.976148058250595e-18,5.558638843498981e-9,1.746003526522101e-16,3.4857816328503134e-20,1.4225883135841247e-15,1.3929566970303675e-10,450.0
2.2893307386055127e-19,6.314460048384498e-9,5.024969879099443e-10,3.246676759242354e-9,5.018533626212741e-14,0.0,1.4445953424895563e-13,7.716106117624e-16,2.5684675182246065e-14,4.986781342074258e-7,1.8670289198695882e-7,5.371975118397091e-10,1.4850757000763992e-13,4.650257104826887e-13,4.306596576347796e-14,9.973858321803774e-10,1.4873672829995337e-20,2.7998934748449987e-24,2.941804816209273e-14,1.3296822494811755e-14,0.0,2.0200796714352402e-6,2.8467144135155e-15,7.119655237820137e-18,5.5655894195768544e-9,1.7902173776165491e-16,2.874147612305001e-20,1.209699659876928e-15,1.4047960380577677e-10,465.0
2.1836509635609144e-19,6.120791230053982e-9,4.878814925352097e-10,3.293610345461388e-9,5.0834983295868324e-14,0.0,1.4660017710653198e-13,6.463747308291726e-16,2.2629091310837308e-14,4.988488589330637e-7,1.8741558729926497e-7,5.512896188248849e-10,1.4976211250161106e-13,4.73348594150921e-13,3.756123555337637e-14,9.977273416725528e-10,4.459638251658951e-20,9.210381047610414e-24,3.1219676097798255e-14,1.3523176417769718e-14,0.0,2.017441095490249e-6,2.4546718422935036e-15,7.229090894125281e-18,5.84111146307847e-9,1.8268128459277928e-16,2.43027582826483e-20,1.0455799195796095e-15,1.3909785737819604e-10,480.0
2.250339794877341e-19,5.880740533165663e-9,4.883743015359194e-10,3.351282096737883e-9,4.9985089764805675e-14,0.0,1.4762202487468402e-13,5.686192600633635e-16,1.966897812137795e-14,4.990453677747963e-7,1.9105154906217816e-7,5.495211694152726e-10,1.5087186114895242e-13,4.807992675443494e-13,3.280139845919689e-14,9.98121558636178e-10,8.560555558432238e-22,0.0,3.304095851161217e-14,1.372267933893231e-14,0.0,2.0157807704525076e-6,2.143411376258387e-15,7.309945262473205e-18,5.5214133980945925e-9,1.8585544576086296e-16,2.1621430680753097e-20,9.17887826828819e-16,1.4033142179278785e-10,495.0
2.2045486435231934e-19,5.725228233433894e-9,5.298271561869421e-10,3.385366281238121e-9,4.588569445150501e-14,8.398768475863185e-36,1.4397577386751216e-13,5.216800646800552e-16,1.681932955187683e-14,4.993325114357124e-7,1.9224613778805715e-7,5.481384066207001e-10,1.5201490258801635e-13,4.878779853537896e-13,2.83765066372173e-14,9.987002632194637e-10,0.0,0.0,3.4839328264926756e-14,1.391069984406296e-14,0.0,2.013568839778612e-6,1.8263264280520607e-15,7.371106609774253e-18,5.658614949892537e-9,1.8888541319555827e-16,2.0271045490651926e-20,7.792386691502978e-16,1.4596305264354327e-10,510.0
2.2599194132521405e-19,5.743794281898647e-9,5.10423846556972e-10,3.449884216638142e-9,4.8540087424223625e-14,0.0,1.4398643087287767e-13,4.348569619618841e-16,1.454222246978675e-14,4.996012741043284e-7,1.9639623886986003e-7,5.362045478816303e-10,1.5294430582856795e-13,4.939117898532746e-13,2.4531754642854115e-14,9.992374726332574e-10,1.9211527314259997e-20,3.8890782630839295e-24,3.6630073687819003e-14,1.406829125012558e-14,0.0,2.0123878486132086e-6,1.578872119252058e-15,7.418445683145301e-18,5.394226571650133e-9,1.9140141335553945e-16,1.6605847871057918e-20,6.778074002013545e-16,1.4579847168748876e-10,525.0
2.312539490101445e-19,5.634483564953121e-9,5.441975215761916e-10,3.516440924441671e-9,4.571984256512795e-14,0.0,1.4223486412924763e-13,3.8862657346525434e-16,1.2290752871585745e-14,4.997149923351971e-7,2.0167073094950128e-7,5.335236127463344e-10,1.5378597808996293e-13,4.992717335744807e-13,2.1171342869692293e-14,9.994679489461744e-10,0.0,0.0,3.8386659463638024e-14,1.4205467220969307e-14,0.0,2.0109213998739558e-6,1.332854200437436e-15,7.450124486727504e-18,5.366169874053761e-9,1.9362820489005636e-16,1.5535739600567735e-20,5.804587721950013e-16,1.4799178199400054e-10,540.0
