O,O3,NO,NO2,NO3,O1D,N2O5,OH,HO2,H2,CO,H2O2,HONO,HNO3,HO2NO2,SO2,SO3,HSO3,NA,SA,CL,CH4,CH3O2,CH3OOH,HCHO,CH3NO3,CH3O,CH3O2NO2,CH3OH,t
1.407169639891966e-5,725.9229520412908,3249.3478317374474,361051.17776345595,0.455231200091056,1.1527557789766916e-9,28.024473539649705,0.21685336437529046,1.3534844170597138,1.531808979628172e14,4.3293291331785293e12,5.810544860616947e11,3.0459635942026996e6,166666.6622135756,20.5163047793627,1.056672413499624e12,0.002231915084774399,4.636301533453915e-7,Inf,Inf,0.19344734333002842,9.389504898902258e12,1.0890389854925564,4.676461558863248e8,1.1522963534753845e11,4.257280357648763e13,0.00010536218704365816,0.8347239460940202,1.1042800275991387e12,-540.0
1.409874191344639e-5,658.8801029485331,21068.50143573523,441962.49950292637,0.4179316393052158,1.1530123113818243e-9,27.60456633000813,0.19448832533931884,1.252858121937633,2.3960275988646106e14,6.792867804710887e12,9.113508025519564e11,3.0165277446833737e6,166666.66383186355,20.209069966432327,1.5913016013588245e12,0.0022246070964489807,4.636098396651722e-7,Inf,Inf,0.20444143674867335,2.4255338078359772e14,1.1161463455625507,4.718264738304591e8,1.1955264697512613e11,6.670890129612337e13,0.00010524681843450658,0.8230194107292127,1.7315509256481924e12,-525.0
1.4132714549866075e-5,754.2501124172107,12688.728407263874,431177.6242577212,0.4785947161443268,1.153296116215018e-9,27.069986195784182,0.1994372873013448,1.432392665227669,3.668851794604541e14,1.0443046700534125e13,1.4004050687943193e12,3.0382446225802246e6,166666.6648255204,19.81772573554193,2.417128998272234e12,0.002215061694231114,4.635655864372831e-7,Inf,Inf,0.20406650329976675,3.8294983041464094e14,1.2435833229129645,4.808159349598833e8,2.0227730666136343e11,1.0237920218224428e14,NaN,0.808095919812934,2.65985207918117e12,-510.0
1.4155588373990296e-5,730.9588118329503,14287.15806984111,436425.4814747349,0.46441475791849135,1.1534212270403705e-9,26.727608115304083,0.19192777342430814,1.3898597061435158,4.373496597875814e14,1.2481298420768914e13,1.6732011090873538e12,3.1084863817506814e6,166666.66512769688,19.567295772282595,2.8321572746680903e12,0.002207126059744074,4.635485201895591e-7,Inf,Inf,0.20379365162894458,4.567213929480448e14,1.2027327595660318,4.815927994535324e8,2.3349158116415e11,1.222234630759829e14,0.0001049965776985909,0.7985353090322427,3.177290983046068e12,-495.0
1.4180847048935203e-5,716.8714637627226,12475.591797902944,430846.03412253887,0.45599756127941315,NaN,26.392742309203822,0.1895796570594019,1.364337558053271,3.937660403086831e14,1.1266983599094332e13,1.5098888532918076e12,3.0493746677751043e6,166666.66496343253,19.322989564412307,2.568495255432214e12,0.0022007505121075842,4.6357308866825504e-7,Inf,Inf,0.20356587147120928,4.114049292386262e14,1.1741822352826308,4.673052181105393e8,2.073263984601793e11,1.1020537758479934e14,0.0001049098934592533,0.7891975747746983,2.866550974577782e12,-480.0
1.41912345566783e-5,677.4883482555887,16171.44987000784,438426.8501272099,0.43179873290911563,NaN,26.244121921937744,0.18446092217486726,1.2934221564095765,5.1588022161863056e14,1.47782319131266e13,1.9801468718584297e12,3.067086939798197e6,166666.66536867453,19.214346921174847,3.277042804467858e12,0.0021953910200477877,4.6356886580695323e-7,Inf,Inf,0.20344605118694362,5.391051511283019e14,1.129018895891603,4.697157518674547e8,2.7798081356188104e11,1.4447716580107662e14,0.00010486768687136004,0.785044007654643,3.7589795511016704e12,-465.0
1.420532287458515e-5,663.896449478388,248056.66311932015,463604.88336054015,0.42383901651863987,1.153770453143257e-9,26.038327339536153,0.18287916474856372,1.2703999527990963,4.58679847272893e15,1.3160841539730288e14,1.7630876140852582e13,3.0521992354959343e6,166666.66652100423,19.063822663430006,1.5181233580003227e13,0.0021909320826234806,4.6355638570359937e-7,Inf,Inf,0.20325606054621095,4.794732547912965e15,1.1167040535559485,4.693693090035773e8,3.08835070570159e12,1.285755235994173e15,0.00010480740416856036,0.7792873482109937,3.3464761877436477e13,-450.0
1.422866792408369e-5,647.8269290259989,271488.8461382523,462151.52541350195,0.41438608873233407,1.1542097851387728e-9,25.790530902207248,0.1809559583843516,1.2429888068159043,6.035243929666924e15,1.7352284835243688e14,2.3238573363581234e13,3.043248043464561e6,166666.66655626206,18.884012601970873,1.7175062877448066e13,0.002187587474595354,4.63641446193711e-7,Inf,Inf,0.20307666555444787,6.311144811841698e15,1.1015187443872496,4.768618620936631e8,3.5828724571382153e12,1.6936704456825905e15,0.00010475663642719026,0.7723987250419614,4.410133626033252e13,-435.0
1.4234809476168725e-5,629.7088749142141,239560.95884602942,448449.5342475205,0.40292897785204745,1.1542173623214497e-9,25.72946706217676,0.17899075923752727,1.208625025784104,6.406443963835043e15,1.8428969914371678e14,2.4678447252839703e13,2.8601923194045713e6,166666.66656272887,18.839782800298945,1.6910654467050504e13,0.0021844637668633634,4.636682121259129e-7,Inf,Inf,NaN,6.699921174595711e15,1.0707097051444778,4.3163540769429964e8,3.6563097579224224e12,1.7983389221472485e15,0.0001047453243280353,0.7707031747109913,4.683196320696015e13,-420.0
1.4249875905850133e-5,625.9508878108633,210168.8253230716,469241.40796541405,0.40173915760697526,1.1544553728223614e-9,25.555064426912868,0.17847070740669255,1.2074352102445631,6.595852995991876e15,1.9001023303781e14,2.5439279456971492e13,3.0962880798534593e6,166666.66656590736,18.712871035561044,1.9138076482955535e13,0.002181764865511304,4.6370327181061144e-7,Inf,Inf,0.20277994288339404,6.89979649787622e15,1.0972759139021153,5.0955913506518126e8,3.7340066231968657e12,1.8529781875701515e15,0.00010470355108349167,0.7658400694255196,4.827013441976384e13,-405.0
1.42513820811292e-5,472.26713447659426,190367.59247721554,472650.23689405405,0.30279427263535225,NaN,25.558432350317904,0.16447289138112559,0.9093689238932164,9.252464802334068e15,2.6654001708492003e14,3.568467299579948e13,3.1591767909315373e6,166666.66659483543,18.715739389168455,1.7057041833932898e13,NaN,NaN,Inf,Inf,NaN,9.678782611707694e15,0.8187566397554302,5.184192960153539e8,4.543086645931975e12,2.5992652298189225e15,0.00010471099235258405,0.7659475896338739,6.77105489736099e13,-390.0
1.4263386101639086e-5,487.05311370103055,166877.82831617654,480979.16352654726,0.3123229279661701,1.1545761887906253e-9,25.39380219916379,0.16454296131876137,0.9375485071627414,7.589386473025362e15,2.1892166969678538e14,2.9304641120881934e13,3.268440903235946e6,166666.6665792542,18.595417114711353,1.6237615359903297e13,0.0021775939333363438,4.637283010543265e-7,Inf,Inf,0.20249511904682596,7.941029082485848e15,0.8376392238486874,5.481612981700503e8,3.7828884021637407e12,2.1336678303536032e15,0.00010466299028119897,0.7613381691844923,5.5598467346372164e13,-375.0
1.4268187338424404e-5,484.49632326539967,133162.36193959144,466936.2623041141,0.3118689962399683,1.1546111622812814e-9,25.339594939552807,0.16523890247356002,0.9378387748800022,3.8400999998766785e10,1.1082055374731908e9,2.5674887050593026e7,3.056367349073998e6,166454.76668896023,18.555978682302246,2.8222412224077487e8,0.0021759223152392304,4.637401129939675e-7,Inf,Inf,NaN,4.01835264663017e10,0.8580827383206677,2.3912453686409965e7,1.8475766595022246e7,9.424888151023886e7,0.00010465005294860094,0.7598260358609044,2.8141691370264596e8,-360.0
1.427506310502168e-5,472.46420203722124,123709.83560729209,469645.8141483706,0.30409367341859084,1.154661636368784e-9,25.25549154582985,0.1622571495965156,0.9143600632362404,3.2969936218747738e10,9.521315087396897e8,2.905227947030771e7,3.062939084912677e6,166486.05346478723,18.494668376441865,2.4250163520114514e8,0.0021736628647266534,4.63749308677856e-7,Inf,Inf,0.20216197007436532,3.450473020588248e10,0.8348706772738779,2.0698767456655465e7,1.690117919385967e7,1.145282499956154e8,0.00010462788004392308,0.7574754000597164,2.417470941858395e8,-345.0
1.4281548821709884e-5,362.57301715252925,129085.21826105226,455564.0134937822,0.2348422924999258,1.1546731754493622e-9,25.13930414358614,0.15554548772255986,0.7099262848494364,3.6595640806663345e10,1.0578093787593417e9,3.460340762057354e7,2.9656216342840376e6,166518.10773205015,18.409289264930038,2.694536060675349e8,0.0021715988139910858,4.637126832571853e-7,Inf,Inf,NaN,3.830592176712835e10,0.7002688529408718,2.2780499804010313e7,1.7598690595521934e7,1.4154698727410185e8,0.00010458611772860996,0.7542050298063684,2.6853318709505475e8,-330.0
1.4264259057938796e-5,443.46582091077516,129819.47759991222,448272.9702341523,0.2866498234485008,1.145304428908182e-9,25.312240206165054,0.1918640460299922,0.8656473576386338,3.89663681729361e10,1.124679097650585e9,4.3246436287456445e7,2.963598759027507e6,166551.3501177615,18.53465173470907,2.864269739403426e8,NaN,NaN,Inf,Inf,0.19908313577963574,4.077676533192534e10,0.8417548462743569,2.4111235955118533e7,1.7917756920120493e7,1.8951019497623184e8,0.00010462063406156666,0.759016392718985,2.8560892026888114e8,-315.0
1.4182125789740729e-5,735.0342106213735,93185.84864289376,437678.04555236286,0.46684900898552745,1.1409239868416172e-9,26.48571462944133,0.2309406180258452,1.3947390072934507,3.492239437899209e10,9.986331239248782e8,4.5682602919065736e7,2.9022391084987475e6,166561.5871802046,19.39277931358069,2.539846575565992e8,NaN,NaN,Inf,Inf,NaN,3.648192820993919e10,1.1785303643761107,2.148049428591279e7,1.6065428820640784e7,2.1818392603197423e8,NaN,0.7918545914733418,2.5408525550085616e8,-300.0
1.4083136349778543e-5,1250.0571194588917,84684.32006754693,419047.15505884186,0.7695980395664159,1.142865750522138e-9,27.984833834880956,0.258846300036974,2.2506464150880423,3.319141405219534e10,9.384729449362078e8,4.081815620918004e7,2.7514241862848895e6,166548.2906767651,20.489531477885667,2.3829586905044332e8,NaN,NaN,Inf,Inf,0.19629171133184253,3.4601032584729454e10,1.5072613146423237,2.0126655581267487e7,1.4777297723511297e7,1.8985393674567783e8,0.00010538398275197839,0.8336916405703774,2.3933375877697885e8,-285.0
1.3906339452198755e-5,1389.5931457118045,70811.463193474,422699.028267527,0.8361609983106668,1.1473400930154374e-9,30.89139324813727,0.2703189364101267,2.4221887469704853,3.755312186293287e10,1.0404563578985659e9,4.256801645053105e7,2.7784182133251657e6,166575.05313766075,22.617295865377564,2.63425185244427e8,NaN,NaN,Inf,Inf,NaN,3.9000838531345245e10,1.5027630790065079,2.2237487116009377e7,1.6040483397954958e7,2.5583558549866164e8,0.00010613850116671648,0.9144652625721952,2.664550256365972e8,-270.0
1.3770032808551879e-5,1431.099473765617,44546.36111419046,393440.04165698617,0.8549755889060298,1.148911948460239e-9,33.4209419189963,0.28797140076657146,2.474491218358563,3.1331153933147182e10,8.541634571954827e8,2.2401918116859384e7,2.333756831291527e6,166510.177376363,24.471804339597348,2.1576414483767554e8,0.002294029045456681,4.6402583711902295e-7,Inf,Inf,0.1963621884558827,3.244148351997308e10,1.5392011927610998,1.8250217855045352e7,1.325818347770443e7,1.3619511847604346e8,0.00010675474603692389,0.9844705269353137,2.19469558904544e8,-255.0
1.3672344659643735e-5,1590.4209392945866,30481.656385471342,362847.65126940707,0.9417756722552636,1.1487920202477574e-9,35.37950267195354,0.29918449766515376,2.7057899052629653,2.2384649188760727e10,6.0316536341842e8,9.415672534652589e6,1.5656676225387508e6,166409.47441179035,25.90906035803534,1.521101753313055e8,0.0023422976371145284,4.641276466589744e-7,Inf,Inf,NaN,2.312760176561417e10,1.5890195538065657,1.301013105985797e7,1.0142100600803256e7,7.969160052333185e7,0.00010720358541780054,1.0384950159487625,1.5534861314061457e8,-240.0
1.3649962989370926e-5,1822.6489704988858,21925.17386723053,391473.96225865115,1.0576640966371265,1.145989067776626e-9,35.817587778316394,0.3082666444500237,3.0137327697117327,2.7236803075203083e10,7.320416006439183e8,3.542911182124221e7,2.5706636521444507e6,166564.56611649244,26.230256564102415,1.8454484809950736e8,NaN,NaN,Inf,Inf,0.19666209261817752,2.8127571326044174e10,1.655363176587219,1.5824759688682456e7,1.2553422629883273e7,2.4523507286064866e8,0.00010729561307161189,1.0505448766379442,1.8864231826134872e8,-225.0
1.3642967753235298e-5,1922.4918123782707,9159.120446790157,360404.17446181213,1.112281539034578,1.1443831087901205e-9,35.87650063390887,0.3191681010452205,3.1567975358949627,2.367964964836177e10,6.361829454899423e8,2.14239981238597e7,1.9932900117435714e6,166541.012807176,26.27211130051338,1.603707732870973e8,0.002259868136141172,4.6405907408053146e-7,Inf,Inf,NaN,2.445252672549899e10,1.6816121317756356,1.3794575182256814e7,1.1176941359235e7,1.9394108254466164e8,0.00010729246804419515,1.0521225354162484,1.6396078135299808e8,-210.0
1.3655481642529186e-5,2065.3385464932962,6854.197640789173,345351.77349682455,1.1897989059305374,1.1430632714150515e-9,35.47742571939972,0.31874855700246063,3.3593377590067526,1.944242681944175e10,5.234968710836392e8,1.811157265905306e7,1.900991460072932e6,166534.88906185236,25.9769402401326,1.3200639527853023e8,0.0022273630327917567,4.6392850885046167e-7,Inf,Inf,NaN,2.0085555838819897e10,1.7190601468481688,1.141074409218128e7,9.71517463248105e6,1.9436266442852867e8,0.00010717877125121305,1.0410658658471228,1.348673093704527e8,-195.0
1.364896215744239e-5,2096.398536582087,5554.67318625339,340653.5856861606,1.2002958886108133,1.1429559719230744e-9,35.52801585852835,0.3275089528614747,3.3806564684456,2.0691692297892044e10,5.569381053923272e8,2.7386817642387398e7,2.402753303989599e6,166562.2969447621,26.01272605128142,1.4043249197274745e8,NaN,NaN,Inf,Inf,0.19578903644967185,2.1374964166237816e10,1.700053498086532,1.2127328401959904e7,1.0296003018903809e7,2.6747989004744047e8,0.0001071743188115191,1.042416428642476,1.43499209669689e8,-180.0
1.3635987914837695e-5,2007.369618438931,4802.83646036162,328826.05542632507,1.1536837135297062,1.1427969088348304e-9,35.679041926552316,0.32258116463896935,3.258658376043279,1.907245879602726e10,5.1286514802930015e8,2.3202471747186482e7,2.2090911042174175e6,166554.09860931584,26.121677268291393,1.2930273103257276e8,0.0022343413623416492,4.637733034464041e-7,Inf,Inf,NaN,1.9699046581885292e10,1.6742790747857283,1.1197640269526342e7,9.636718592264391e6,2.4368238420968342e8,0.00010718573298992293,1.0465145828681417,1.3217729476015116e8,-165.0
1.3636735787092187e-5,2000.5666223583344,3258.312646940841,304342.982543921,1.1505615845779182,1.1429416040267629e-9,35.514266538775296,0.3176999274129034,3.246329843397641,1.3909417888996342e10,3.7434642073118925e8,1.5419671990035359e7,1.9449151973623617e6,166526.33978722338,25.998359351566315,9.439158075255518e7,0.0022393982195691095,4.6364483462132874e-7,Inf,Inf,0.19549721763968214,1.4368902430499784e10,1.6546665684993622,8.244636878621037e6,7.69016938000235e6,2.0267718869586328e8,0.00010712169125728223,1.041903337199481,9.64683731566399e7,-150.0
1.3627674834408894e-5,1948.2428724075173,2268.6554233048055,280222.0885451637,1.117067707941473,1.142806177734451e-9,35.68386880399624,0.31919421775389134,3.1513728868428665,1.354125126170688e10,3.640764479446611e8,2.6007052357116967e7,2.288384524534013e6,166533.05740164546,26.122523642406343,9.178926029919197e7,NaN,NaN,Inf,Inf,0.19581932637958321,1.3986026489781479e10,1.6063456878362814,8.023907856852071e6,7.548725414986982e6,2.2370201378103352e8,0.00010715569938926539,1.0465627389317045,9.384178255187774e7,-135.0
1.3617545218754611e-5,1897.4142278999686,1708.6181750614492,254794.5486774711,1.0866074468250206,1.1424876442544648e-9,35.86819953177475,0.3110001011712959,3.061215571188089,1.1048428894620012e10,2.967331918633106e8,1.6918213406555302e7,1.9772869608138194e6,166514.00218138224,26.25736143944997,7.47997259334866e7,0.0022398066551544676,4.636240197141158e-7,Inf,Inf,0.19634972070844997,1.1409076840371372e10,1.5466410746373263,6.566039591084883e6,6.443021284189527e6,2.0289275384069e8,0.00010719119965612702,1.051621999915351,7.65018076168612e7,-120.0
1.3616944692915391e-5,1764.160560142127,1870.4405050665678,258828.25345573362,1.014934932908542,1.1426029046711384e-9,35.78419900087146,0.30732369861873193,2.866943402606352,9.82369272827419e9,2.639494634202675e8,1.496314337958661e7,1.9829426536283907e6,166491.22655890885,26.194169034177808,6.653986918732761e7,0.0022440866100546103,4.63542540089262e-7,Inf,Inf,0.19671633928479618,1.0145260925753069e10,1.4767189308745479,5.848650933757324e6,5.827215453859873e6,1.7287977890853086e8,0.00010715499630008224,1.0492618796149331,6.8047256004857e7,-105.0
1.3615833241504497e-5,1604.5637435727892,2061.658182365398,276344.56525287963,0.926372798977606,1.1422192308923723e-9,35.71334102910934,0.30122962194644215,2.6286233069465346,1.295994934580561e10,3.483357385984873e8,2.2071390870241124e7,2.1954208669926687e6,166538.7957460939,26.14067981481848,8.781756618206394e7,0.002237816136178731,4.63463500981962e-7,Inf,Inf,0.196911274275381,1.3385180194819666e10,1.4005268764476277,7.695084058063892e6,7.393587975867811e6,2.4913598587241113e8,0.00010712207506865903,1.0472645561630076,8.980036978168105e7,-90.0
1.3620723490798338e-5,1542.0980184475704,3212.991651618273,309620.927899007,0.8920875624583113,1.1422479753731195e-9,35.51905337626582,0.29341147390373296,2.5328680527678604,1.6307665058452688e10,4.3877880818612474e8,2.423500140407477e7,2.3546281001695455e6,166519.2190501102,25.996654791984074,1.1063547473590071e8,NaN,NaN,Inf,Inf,NaN,1.6846231587950401e10,1.354464229755305,9.629372282888273e6,8.697584178040646e6,1.7571364205991438e8,0.00010706210613494952,1.041870537347754,1.130972718853705e8,-75.0
1.362590164773929e-5,1396.8978428149976,3931.8074435530916,337541.5851918233,0.8098217762179833,1.1425351985329685e-9,35.38729467480836,0.2814423418839307,2.3059673217395407,2.394936136583783e10,6.448700381187936e8,4.491789873551406e7,2.6820500429324745e6,166576.49795718218,25.899608781480545,1.6261685117954773e8,0.002241460337681398,4.633539665216623e-7,Inf,Inf,0.19612451783376297,2.4743802708968754e10,1.2608667676496577,1.405013198052865e7,1.1841978321020687e7,3.0917806278624874e8,0.00010702839844271104,1.0382311361328551,1.6619487741996077e8,-60.0
1.3601848284320551e-5,1243.1154524443866,3052.80079459389,322441.3900258655,0.7235771553087736,1.1416750402598616e-9,35.8161088970827,0.27089276858655453,2.0680126517058306,2.360334821247003e10,6.339499212769499e8,3.546092596031346e7,2.525257811701725e6,166562.98360054402,26.213075988870838,1.59806539676256e8,0.002235928221598507,4.633157114204271e-7,Inf,Inf,NaN,2.437508049968607e10,1.1670713469679397,1.3818737903447455e7,1.1817731563921878e7,2.5070876033968952e8,0.00010710978226507328,1.0499972428271427,1.6347108566460544e8,-45.0
1.3607806840874837e-5,1247.9107968580327,2649.6118676381584,311468.6055334323,0.7260480483773619,1.1416879583568217e-9,35.59617982393425,0.27067479303285424,2.0732602052711613,2.3150109920696014e10,6.225232644072958e8,3.3799333872982696e7,2.59965852469717e6,166561.2999165271,26.050195148570854,1.5695313115001893e8,0.002234742875900357,4.632286260834392e-7,Inf,Inf,NaN,2.3912624323719185e10,1.1610526202484355,1.3573388703775765e7,1.1639877868226338e7,2.4760649281354746e8,0.00010704376888079811,1.0438972356428908,1.6049292068455192e8,-30.0
1.3595460867744247e-5,963.097163116158,2557.2768380688067,313113.81676948315,0.5696222136140904,1.1407217554270597e-9,35.735194358671066,0.2606180452925116,1.6491167663837005,2.4466450096139603e10,6.573395413187228e8,3.612435945604055e7,2.6476590142631424e6,166560.88883440132,26.150283145974566,1.6571128189417207e8,NaN,NaN,Inf,Inf,0.19763321050481739,2.52685307358514e10,1.041285291850601,1.4313633822519293e7,1.2160677855177794e7,2.417033035477281e8,0.00010705247033308622,1.0476629124966115,1.6950983135983393e8,-15.0
1.3596543180453322e-5,827.9651139297093,2509.516603672381,317587.2188478881,0.49228302417963277,1.141108268137488e-9,35.67868061221041,0.25489753911592644,1.4316219312776761,3.173315685585015e10,8.528315311273564e8,4.793257428547873e7,2.8020796928274985e6,166575.6783622464,26.108291126423364,2.150019716375091e8,NaN,NaN,Inf,Inf,0.19891343856858876,3.2775430928213795e10,0.9432909209817976,1.8451749284995683e7,1.4768626967170117e7,2.7239117424216783e8,0.00010703382788436365,1.0460909758786054,2.1991200699484438e8,0.0
1.3597931251482722e-5,828.8628228887547,1857.1053012863106,285923.3383873333,0.4922850597481391,1.140939421066282e-9,35.48300271465808,0.2517540962166692,1.429500430681891,2.6651516718339928e10,7.169890704506134e8,4.188666037876426e7,2.688871150850448e6,166564.64955382777,25.96209677850406,1.807827680346843e8,0.002228477314512451,4.629655493824489e-7,Inf,Inf,0.19982431633757355,2.753261999359622e10,0.9280957742518646,1.5581859452824928e7,1.296840872678756e7,2.4514546330632147e8,0.00010695980491057364,1.04062229418288,1.8486082553055033e8,15.0
1.3599369191841855e-5,840.3748321370539,2560.9412388664364,315091.2267290224,0.49915484805797095,1.1411106803669238e-9,35.60047377382204,0.2559494781358364,1.450057064775545,3.2811641869358574e10,8.822020186661e8,4.722652378388708e7,2.7596884879380083e6,166572.01219944374,26.050615481881696,2.2241993964654392e8,0.002229159402563695,4.6309030643653473e-7,Inf,Inf,0.20051819115983668,3.389217210904268e10,0.9453124816321685,1.902162661574366e7,1.4813077579494497e7,2.5676546827391177e8,0.00010701304211717172,1.043929244413564,2.2746733743735772e8,30.0
1.3611566604192258e-5,861.3272077267242,2455.763819833361,289981.8940314984,0.5122302123704271,1.1411489809438027e-9,35.47332391646507,0.2513993376792485,1.4868299501947981,1.59351422474495e10,4.287989097317942e8,1.8342524684515186e7,2.124922205413817e6,166474.75575004195,25.95935212565327,1.0812131450537676e8,0.002222062808442643,4.631869105094583e-7,Inf,Inf,0.20148515002343145,1.6462177098702057e10,0.9611935250739464,9.40784087436912e6,8.496264073684473e6,1.2349285636235689e8,0.0001070083710788455,1.0404934552750837,1.1053590224601765e8,45.0
1.3610072395016241e-5,906.0119076722174,2203.537706480739,289993.95937524014,0.5362558733657606,1.141229943239329e-9,35.62693619365725,0.25587532215517744,1.5523437517591698,1.8614229618468006e10,5.0048849596946985e8,2.7750140029034406e7,2.4689716193260583e6,166504.73566192834,26.07400516302217,1.2618275191239439e8,NaN,NaN,Inf,Inf,0.2022215320392051,1.9226722886097454e10,0.9788808735622171,1.0973469703676496e7,9.853099074698623e6,1.4755791660516715e8,0.0001070650294079219,1.044783072501811,1.2902920861306939e8,60.0
1.361439175779233e-5,944.3405875065608,1995.383133522314,285327.94445716613,0.5576283573904205,1.1417169439664937e-9,35.5682622087533,0.25575745172517256,1.6113570721035417,2.028740074736288e10,5.456724276207567e8,3.2343253767973024e7,2.5597430894503137e6,166531.1894586741,26.03145869840694,1.3758114715497723e8,0.0022304248199016582,NaN,Inf,Inf,0.20286093299915803,2.0956274474053146e10,0.9995203093538441,1.1950884527638212e7,1.064112666365768e7,1.830935512967785e8,0.00010705785694136317,1.0431839342934408,1.4066529432343832e8,75.0
1.3621075029993688e-5,979.4449959214994,1637.474968208844,266828.0827722305,0.5775343429797133,1.1409492226523287e-9,35.38203301100578,0.2557394360611308,1.6657535576196685,1.656052405426595e10,4.458963074192697e8,2.7856031161397077e7,2.5011364358513453e6,166513.62091135173,25.894072475831063,1.124414101484136e8,0.0022116055919885764,4.6326860384865714e-7,Inf,Inf,0.20352005543638343,1.710994416783684e10,1.0154677511247991,9.820488955597838e6,9.194029197684422e6,1.6435292180495438e8,0.00010700777518634158,1.0380336369105498,1.1492284619371067e8,90.0
1.3617048332898451e-5,1009.7626968851936,1392.1658315717991,249694.9958103785,0.593712971332319,1.1417437549465676e-9,35.51340219391777,0.259611668360828,1.7089479191837924,1.4522824039751976e10,3.907460425421433e8,2.606844770349021e7,2.4465160772630083e6,166504.6082363534,25.991209400150844,9.852399654981138e7,0.002229689007383474,4.633136819023129e-7,Inf,Inf,0.20410863064399354,1.5002524504178007e10,1.024027534878918,8.626574625399044e6,8.295788313742343e6,1.6036782292383987e8,0.00010704579919529625,1.0416741132225769,1.0072127273473303e8,105.0
1.3599165331758405e-5,1095.8261939110514,1380.2802014436559,245922.27967844796,0.6406799063388392,1.1412341905305649e-9,35.85890621796065,0.25932081576089494,1.8363131147060443,1.190619008780062e10,3.197006991946683e8,2.1214180195359364e7,2.3459310950261485e6,166468.28603800535,26.244252093069413,8.058784178091691e7,0.002227991136770089,4.6330709462359363e-7,Inf,Inf,0.20477628241504497,1.229491114147109e10,1.0622400172542645,7.083527323262401e6,7.067875222059139e6,1.2923938423719881e8,0.00010711675159138668,1.0511681378026838,8.244325359258235e7,120.0
1.3613866893211905e-5,1111.7558783414602,1037.334944812518,215669.94109156958,0.6486357087236733,1.1411867792511544e-9,35.52068774282192,0.25891769486350086,1.854666964402866,9.71173816091282e9,2.6127894571845472e8,1.9679433140641384e7,2.2383454912098157e6,166462.57539442973,25.995604419859912,6.587929181323679e7,NaN,NaN,Inf,Inf,0.20508562613739623,1.0032440142748394e10,1.0510462912554808,5.807001165125393e6,5.979396577493568e6,1.3603130097628886e8,0.00010703652723031236,1.0418451067892398,6.735214645660542e7,135.0
1.361769939150559e-5,1141.806819865207,1007.0275709663117,211139.24677193954,0.660561980568406,1.1407906847932516e-9,35.25856636356659,0.2486231107903414,1.8752796362455237,1.0029119004576897e10,2.70194207163224e8,2.0197374092099667e7,2.265273320690068e6,166463.7053403752,25.800418016829173,6.81410007929484e7,0.0022128305785972958,4.6310579831233697e-7,Inf,Inf,0.20534803580971295,1.0363212978436234e10,1.0032397315413928,5.998582981743346e6,6.107586690092097e6,1.360355650694364e8,0.00010694443550167076,1.0345374813852837,6.963692634018911e7,150.0
1.3592111516475433e-5,1714.2723811449823,1025.5404510107237,207789.4905793713,0.9609797140075721,1.141580094955694e-9,35.73454005110766,0.26717275529632273,2.663154244259693,8.58688354162321e9,2.3069323895339987e8,1.7339094033814885e7,2.180572239824717e6,166432.9392712701,26.148652211105702,5.8156511341357715e7,NaN,NaN,Inf,Inf,0.20575716717966575,8.868386294050812e9,1.205511356431378,5.13267957529289e6,5.363172401895767e6,1.18068786235414e8,0.00010703936966424354,1.0476095467811921,5.949212800907096e7,165.0
1.3608060475850123e-5,1734.9500502769015,1050.0806470909054,209591.18181456588,0.9745126524353986,1.1407366512169633e-9,35.424076620401905,0.2664463351820163,2.7043121926257805,9.19491073227209e9,2.4747556383720526e8,1.948186797805054e7,2.2500967777193063e6,166462.74207114123,25.921265016692505,6.240307483900153e7,0.002216889472867104,4.6308561561661693e-7,Inf,Inf,0.2058708734429513,9.49951316474545e9,1.2335371733594656,5.506422317983899e6,5.746285549139955e6,1.411298412109846e8,0.00010697482763752978,1.0390765531833712,6.379568033246567e7,180.0
1.360429221076033e-5,1695.655049549886,848.3560733158954,192437.31219567265,0.955188460650266,1.1419004554050013e-9,35.40288973488391,0.2683800183761426,2.6584107481957036,9.69458698691197e9,2.6093803153410396e8,2.299243089946223e7,2.357186941910279e6,166501.29457834526,25.904141124696466,6.579849520033927e7,NaN,NaN,Inf,Inf,0.2058793909899014,1.0015961144912172e10,1.2363371080113592,5.805952126735236e6,6.081549169508558e6,1.9555902321225885e8,0.0001069516687382347,1.038443373771577,6.726879985812949e7,195.0
1.3597294890497424e-5,1733.9655505845403,689.0569233828278,169922.2538237381,0.9805175725859817,1.1417238368260226e-9,35.66104375005573,0.2782456512489301,2.7357261716809256,7.059621130722077e9,1.8974697354227647e8,1.6896643029631756e7,2.1414170674567516e6,166447.40943793947,26.095277793733388,4.783718331590439e7,0.0022431214669338777,4.6310687280959785e-7,Inf,Inf,0.20623516607502496,7.2916315776592245e9,1.2952077904241708,4.235434668173667e6,4.57811697254726e6,1.4821049359588373e8,0.00010702954546161279,1.0456045834895786,4.8927397755747624e7,210.0
1.3604516566473647e-5,2476.777601297704,589.0871020130991,148620.3742053267,1.3500964030027935,1.1421656897528108e-9,35.569296238208175,0.2855278390213342,3.6624811006172795,5.5703196998842745e9,1.498032587527739e8,1.4097587769509982e7,1.9854220344348974e6,166412.76107048662,26.028897842784207,3.7769935244679876e7,NaN,NaN,Inf,Inf,Inf,5.75395445479767e9,1.4636235744771218,3.348789016446815e6,3.684845980306042e6,1.3701907718001825e8,0.00010702015693881022,1.0431093013046244,3.86220037903146e7,225.0
1.3604098383717982e-5,4173.432990185963,553.7894323501987,132797.76481072264,2.1771784971626102,1.1431797218759147e-9,35.65242957341713,0.30706811211636637,5.714572423591988,4.6906092618371935e9,1.2609103250224505e8,1.2083232457938097e7,1.8322541050493747e6,166369.92676511485,26.091047295916223,3.1789388239507142e7,NaN,NaN,Inf,Inf,NaN,4.844814569475642e9,1.9402333786201895,2.8203561919723186e6,3.121746614956727e6,1.1916478686906683e8,0.00010705211429266663,1.0454341873506603,3.2510195814047493e7,240.0
1.3628227673654205e-5,4712.931455768857,524.8709683223866,120485.42357405026,2.441151569638036,1.1432747596264165e-9,35.175366601518654,0.31129198146123144,6.356909140894599,3.9537375154610324e9,1.0657910984561883e8,1.022819929702986e7,1.7041135773802937e6,166318.33665719142,25.741438891511315,2.6880663778564792e7,NaN,NaN,Inf,Inf,NaN,4.0858199379601808e9,2.0833961730904864,2.386363670068585e6,2.6708591963768583e6,1.0133239378534809e8,0.00010695047504902743,1.0323128750463473,2.7463431195974432e7,255.0
1.3600423578193835e-5,6405.902790322199,442.38257324489666,102543.05661295576,3.070018740245651,1.1448041461785508e-9,35.97619282626695,0.31236913836557373,7.619087585287245,3.6697386300083447e9,9.84820310635457e7,9.664995015875543e6,1.6689876448045953e6,166300.14879770295,26.33252185329415,2.482261352200829e7,NaN,NaN,Inf,Inf,NaN,3.789083437789496e9,2.082372198564709,2.2058982750780075e6,2.4830617134982096e6,9.938389110931474e7,0.00010716860102032176,1.0544666001856384,2.539734020400178e7,270.0
1.3639334043832576e-5,7160.240522929453,469.80322999094295,102253.61168920167,3.2847654056968794,1.1444436462236142e-9,35.253426954512385,0.3048868801777395,7.974710840874994,4.5477594270162325e9,1.2256245581031944e8,1.2337578826865446e7,1.8830850140859545e6,166381.22308745535,25.803612340418,3.0910425777074814e7,0.002274175006864092,4.6346416775026576e-7,Inf,Inf,NaN,4.69930315570699e9,2.025010436951131,2.743683556672076e6,3.063892991228631e6,1.3366081291114041e8,0.00010702523644449175,1.0346170137789585,3.1578600058252517e7,285.0
1.3617539013547031e-5,6599.386484223538,428.3319461975391,94860.58404760828,3.0960551566699044,1.1455140130078708e-9,35.81453401571892,0.3081026421624716,7.597270206138451,3.495770207096614e9,9.391307487419745e7,9.505377640876152e6,1.663788302646205e6,166300.92356303727,26.21704434279596,2.3674353742399123e7,0.0023076878809180894,4.635783443325321e-7,Inf,Inf,NaN,3.610085259481143e9,1.999159928910276,2.1036564695644085e6,2.380075220706965e6,1.0495625463520235e8,0.00010716953343053041,1.0501181807987865,2.42113695631689e7,300.0
1.364969952649524e-5,6803.471689474092,426.32564144264876,91421.21501629188,3.1685482744465414,1.1460696456373901e-9,35.20154132004872,0.30160477909243144,7.735184245833051,3.314873553907079e9,8.937324864177878e7,9.115617952578323e6,1.621269420370888e6,166287.38125697282,25.768089808803534,2.2541249651676767e7,0.002302591711486446,4.6359364524050227e-7,Inf,Inf,NaN,3.4255323776658816e9,2.000107787694192,2.0026179954721841e6,2.2680838723226236e6,1.025317512095624e8,0.00010704380488517056,1.0332692959955199,2.302342476911989e7,315.0
1.3707054749211716e-5,6972.336900074728,492.49993507474915,98565.80969454403,3.0521649543694895,1.1447619312729968e-9,34.13661495607941,0.28789514172197,7.23723177091658,4.352731230564344e9,1.181061609136026e8,1.2088979188507536e7,1.8693987384186876e6,166377.22174413377,24.988409667516787,2.981479483754465e7,0.002243161444821925,4.6362038277130627e-7,Inf,Inf,NaN,4.503318368638016e9,1.7094155067835648,2.644474261979531e6,2.962211978195201e6,1.3523871174956658e8,0.0001068204062824473,1.003963675486113,3.038411082266003e7,330.0
1.3688232558348287e-5,11209.953355888212,446.7970275572245,87689.31101909313,3.970795488779672,1.147056642393936e-9,34.55919225058869,0.28245683527970306,8.605961071192983,5.647924376662904e9,1.528679963033368e8,1.4973011059524473e7,2.1076811856811354e6,166419.6251965557,25.299140452515182,3.857633522193447e7,0.0023024806370898756,NaN,Inf,Inf,NaN,5.840579577505215e9,1.636832360598636,3.4181812888870565e6,3.7637565785051845e6,1.4591044880749035e8,0.00010692592224869889,1.015640591335603,3.934608277974479e7,345.0
1.3701584908638454e-5,7195.805943595764,539.196130797789,104731.61482435242,3.1310649547349354,1.1477261652535448e-9,34.347382796319074,0.2868629692135416,7.376871020318232,3.7456820105328293e9,1.0151363568426506e8,9.766632999585995e6,1.73748316141391e6,166295.5605600273,25.1446179968549,2.562175651534135e7,0.002309771613913009,4.6371639709390883e-7,Inf,Inf,NaN,3.8743614757028446e9,1.710861207361747,2.274026486966403e6,2.5612801968630934e6,9.439909493538773e7,0.00010688824605492672,1.0098282973383577,2.6120460438016225e7,360.0
1.373226044558353e-5,6342.723647468966,541.9544121657605,101264.00352096533,2.9243601463983597,1.1481072279480771e-9,33.78901294122236,0.2945084734527302,7.098568025456571,3.364079587596463e9,9.148230269800422e7,9.231491789418953e6,1.6576224919109347e6,166280.76499677467,24.73583122300504,2.3100956265005615e7,0.0023016680213949516,4.6372990670989573e-7,Inf,Inf,NaN,3.481828494292725e9,1.7950573257245814,2.0498524500925755e6,2.314934203583982e6,9.737020076277791e7,0.00010676902088542851,0.9944478753492362,2.352230989082583e7,375.0
1.3761642137103201e-5,5660.945471395427,504.87740341526955,103181.27945025612,2.687552107228573,NaN,33.175490992922704,0.2995374787498431,6.6787550555896065,4.607560618069425e9,1.2576570914872235e8,1.695353963233323e7,1.9362153098789065e6,166511.51810461958,24.28527188906521,3.1775009491713084e7,NaN,NaN,Inf,Inf,NaN,4.772166906195062e9,1.8221711293850342,2.8158271332437135e6,3.339990260313802e6,1.255580885940893e9,0.00010661698388301253,0.9774851144917472,3.231347712555706e7,390.0
1.3783918632139775e-5,4450.261859768248,488.05693465554845,110255.24986157769,2.240686069274487,1.1490910719920352e-9,32.74117096579229,0.2961687398620762,5.7567368284225,4.499318170720483e9,1.2314302678938952e8,1.6594681195440792e7,1.941162206381341e6,166508.38141312293,23.966706153617377,3.112429079441695e7,NaN,NaN,Inf,Inf,NaN,4.662400338433231e9,1.7752052076762241,2.7575987213932355e6,3.2719759476183853e6,1.2279721604196572e9,0.00010651199731409692,0.9654785046824916,3.1622319667826653e7,405.0
1.3820874834606146e-5,5251.315286535319,422.1842666785713,102218.34823405309,2.55723941682493,1.150007933651256e-9,32.098042257900694,0.3002060060026734,6.431797063533756,5.973766594995416e9,1.6417081432501996e8,2.2111921392455414e7,2.0904795982889417e6,166548.09060885874,23.496096777452582,4.151803443751224e7,0.0022990194689254204,4.6364113807055645e-7,Inf,Inf,NaN,6.1949806825562105e9,1.8292509255613754,3.6687030018586456e6,4.357080830722791e6,1.6341678739332488e9,0.00010636681495905856,0.9477164853017974,4.212141083178096e7,420.0
1.3860847908650157e-5,5487.160360611699,426.2769179349451,104411.62461536679,2.6528534085359596,NaN,31.411617042519644,0.29245976330577217,6.639369765498459,7.0954506214791975e9,1.9587059891930893e8,2.636654331167937e7,2.296712901242177e6,166567.4343959191,22.993791386478264,4.9566095510590166e7,0.002295908351170796,4.636449797563478e-7,Inf,Inf,NaN,7.364273454842654e9,1.8526152200654529,4.373142943080434e6,5.194861337108056e6,1.9459196218140268e9,0.00010620732644479471,0.928734746772652,5.0207429761891745e7,435.0
1.3891781158855665e-5,4888.922412815256,419.7979999082905,107097.72744766698,2.4208841269100128,1.1513547949084312e-9,30.86119631406294,0.2873733198655643,6.136777769044313,7.362164095760318e9,2.039721449866935e8,2.744503280344026e7,2.275287087160815e6,166571.50474958497,22.590573095447933,5.164287108019238e7,NaN,NaN,Inf,Inf,NaN,7.646243665653679e9,1.792125761845732,4.551309594288892e6,5.410606174294906e6,2.0232353518803055e9,0.00010607022728817566,0.913481936762046,5.224520859527211e7,450.0
1.3919441603311097e-5,4848.584758143636,387.9029700294748,103265.59523261193,2.404245827835448,NaN,30.35047193484094,0.2850957556054218,6.09281410373463,8.488264880991968e9,2.3597278847916013e8,3.173830229840904e7,2.351951060937765e6,166584.51185619063,22.216069831030836,5.9773896178602256e7,0.0022895021404956595,4.6356553308592817e-7,Inf,Inf,NaN,8.821403378799625e9,1.7766578904228123,5.259181156956097e6,6.254486532996448e6,2.337249225033499e9,0.00010593500794734753,0.8993025187423482,6.040067832713384e7,465.0
1.394008843854359e-5,4986.814476196239,399.6464717552473,106540.11909520479,2.4514834436369375,NaN,30.01385417683976,0.2797539244633738,6.180173401699152,1.0114292947440933e10,2.8182464297597307e8,3.78943322582146e7,2.529393018545334e6,166597.93138957198,21.9698612048478,7.141185488609779e7,0.002286758821653937,4.6356570413978457e-7,Inf,Inf,NaN,1.051571941645063e10,1.766040611156956,6.270717692652197e6,7.463377942184405e6,2.788604997033498e9,0.00010585266390345837,0.8899689156997908,7.210228706122407e7,480.0
1.3961593330045977e-5,4974.102899749404,415.5605132725647,109938.41659841035,2.4405475681850377,NaN,29.7008464073467,0.28246832232891167,6.141843805311081,1.1478367485578947e10,3.205357491903458e8,4.308649211247472e7,2.527468590487177e6,166606.27649771073,21.741501926892948,8.124600127832657e7,0.002280081110676662,NaN,Inf,Inf,NaN,1.1938709022390234e10,1.7422337679881892,7.1174821226756405e6,8.483381508880196e6,3.1685716933239236e9,0.00010578300949887764,0.8813029048970268,8.196671042008306e7,495.0
1.399269286033069e-5,4586.843420955371,426.75445783828104,114216.26944170962,2.2903595192713193,1.1530235383360857e-9,29.263525929708283,0.27855166402654696,5.819048049465736,1.248218190094783e10,3.4965415750662094e8,4.698022721083341e7,2.577955331880071e6,166611.3643700377,21.42263633870547,8.866566906755692e7,NaN,NaN,Inf,Inf,NaN,1.2990134979790966e10,1.7073642247372807,7.7556050377995e6,9.253755512231011e6,3.451649250685262e9,0.00010568680329609878,0.8691919398849073,8.935122685510048e7,510.0
1.4018737416838482e-5,4752.154095871448,424.85906798345593,113951.11330409998,2.347321952945178,NaN,28.945266373054338,0.2804062902930647,5.923281164902796,1.4950375012981134e10,4.1977385662454104e8,5.6381375085229196e7,2.6315801893296256e6,166620.6348908004,21.191406689906618,1.0648143211775269e8,0.0022782584193614683,4.6375165229389726e-7,Inf,Inf,NaN,1.5565274297968153e10,1.6934523903832177,9.27312690666472e6,1.1091998260091532e7,4.1394621073460927e9,0.00010562729349658585,0.8603977415878794,1.072109535397209e8,525.0
1.4031280335413193e-5,4458.42871053522,433.19976701714285,117099.67764784767,2.2263129193081377,NaN,28.771745870528875,0.2768681590041857,5.6511727493691675,1.6713076019392082e10,4.6985828300476265e8,6.30974029504464e7,2.616920531354285e6,166625.55863910352,21.064872449574196,1.1920705925181429e8,NaN,NaN,Inf,Inf,NaN,1.740446713650771e10,1.650207532661713,1.0355810664690087e7,1.2410507246529227e7,4.630770332011809e9,0.00010558796792136065,0.8555856141493958,1.1996926963647613e8,540.0
